Date,Value
2021-05-20,61117.0
2021-05-19,62153.0
2021-05-18,61039.0
2021-05-17,66717.0
2021-05-16,55503.0
2021-05-15,63973.0
2021-05-14,73640.0
2021-05-13,71870.0
2021-05-12,82716.0
2021-05-11,85898.0
2021-05-10,80268.0
2021-05-09,64778.0
2021-05-08,82026.0
2021-05-07,87350.0
2021-05-06,83154.0
2021-05-05,88036.0
2021-05-04,83962.0
2021-05-03,82574.0
2021-05-02,60272.0
2021-05-01,79970.0
2021-04-30,84762.0
2021-04-29,76038.0
2021-04-28,82158.0
2021-04-27,87372.0
2021-04-26,69993.0
2021-04-25,61919.0
2021-04-24,67184.0
2021-04-23,65302.0
2021-04-22,65886.0
2021-04-21,62788.0
2021-04-20,65210.0
2021-04-19,57830.0
2021-04-18,47430.0
2021-04-17,56549.0
2021-04-16,72418.0
2021-04-15,96035.0
2021-04-14,89351.0
2021-04-13,97410.0
2021-04-12,93538.0
2021-04-11,77455.0
2021-04-10,100029.0
2021-04-09,101122.0
2021-04-08,98582.0
2021-04-07,99198.0
2021-04-06,94054.0
2021-04-05,90485.0
2021-04-04,74736.0
2021-04-03,87996.0
2021-04-02,103126.0
2021-04-01,108335.0
2021-03-31,109397.0
2021-03-30,107294.0
2021-03-29,98567.0
2021-03-28,77349.0
2021-03-27,96019.0
2021-03-26,99511.0
2021-03-25,99953.0
2021-03-24,105838.0
2021-03-23,101337.0
2021-03-22,97819.0
2021-03-21,75328.0
2021-03-20,95288.0
2021-03-19,107791.0
2021-03-18,107577.0
2021-03-17,103254.0
2021-03-16,105137.0
2021-03-15,91847.0
2021-03-14,92683.0
2021-03-13,93795.0
2021-03-12,107474.0
2021-03-11,110459.0
2021-03-10,126524.0
2021-03-09,83702.0
2021-03-08,102176.0
2021-03-07,86219.0
2021-03-06,94263.0
2021-03-05,104490.0
2021-03-04,104090.0
2021-03-03,117708.0
2021-03-02,114796.0
2021-03-01,104005.0
2021-02-28,79450.0
2021-02-27,99323.0
2021-02-26,101865.0
2021-02-25,108749.0
2021-02-24,102302.0
2021-02-23,86597.0
2021-02-22,94891.0
2021-02-21,84273.0
2021-02-20,100041.0
2021-02-19,113958.0
2021-02-18,110332.0
2021-02-17,115567.0
2021-02-16,99903.0
2021-02-15,99149.0
2021-02-14,92938.0
2021-02-13,104856.0
2021-02-12,111391.0
2021-02-11,108363.0
2021-02-10,114442.0
2021-02-09,117138.0
2021-02-08,121836.0
2021-02-07,91030.0
2021-02-06,119299.0
2021-02-05,124231.0
2021-02-04,124731.0
2021-02-03,127616.0
2021-02-02,117226.0
2021-02-01,106485.0
2021-01-31,90086.0
2021-01-30,93976.0
2021-01-29,123827.0
2021-01-28,123829.0
2021-01-27,115356.0
2021-01-26,114669.0
2021-01-25,111660.0
2021-01-24,85583.0
2021-01-23,100587.0
2021-01-22,116022.0
2021-01-21,106463.0
2021-01-20,115047.0
2021-01-19,117294.0
2021-01-18,109912.0
2021-01-17,85820.0
2021-01-16,109736.0
2021-01-15,115433.0
2021-01-14,125848.0
2021-01-13,121259.0
2021-01-12,108276.0
2021-01-11,119207.0
2021-01-10,105396.0
2021-01-09,114486.0
2021-01-08,131318.0
2021-01-07,144971.0
2021-01-06,139896.0
2021-01-05,126610.0
2021-01-04,121481.0
2021-01-03,108206.0
2021-01-02,108080.0
2021-01-01,89018.0
2020-12-31,121367.0
2020-12-30,128884.0
2020-12-29,115581.0
2020-12-28,110939.0
2020-12-27,98352.0
2020-12-26,102719.0
2020-12-25,97145.0
2020-12-24,113743.0
2020-12-23,120423.0
2020-12-22,121744.0
2020-12-21,104545.0
2020-12-20,95420.0
2020-12-19,113446.0
2020-12-18,114560.0
2020-12-17,133931.0
2020-12-16,133763.0
2020-12-15,124119.0
2020-12-14,115865.0
2020-12-13,94223.0
2020-12-12,104072.0
2020-12-11,116918.0
2020-12-10,120437.0
2020-12-09,119860.0
2020-12-08,117329.0
2020-12-07,114431.0
2020-12-06,114431.0
2020-12-05,103024.0
2020-12-04,103024.0
2020-12-03,121938.0
2020-12-02,122832.0
2020-12-01,122494.0
2020-11-30,123280.0
2020-11-29,89084.0
2020-11-28,102605.0
2020-11-27,111482.0
2020-11-26,114006.0
2020-11-25,126066.0
2020-11-24,125517.0
2020-11-23,114965.0
2020-11-22,87639.0
2020-11-21,108439.0
2020-11-20,126727.0
2020-11-19,121142.0
2020-11-18,131185.0
2020-11-17,126054.0
2020-11-16,116438.0
2020-11-15,82855.0
2020-11-14,97422.0
2020-11-13,115627.0
2020-11-12,119821.0
2020-11-11,118087.0
2020-11-10,110744.0
2020-11-09,108748.0
2020-11-08,81271.0
2020-11-07,96857.0
2020-11-06,116624.0
2020-11-05,117033.0
2020-11-04,111706.0
2020-11-03,104862.0
2020-11-02,92075.0
2020-11-01,82876.0
2020-10-31,85702.0
2020-10-30,99744.0
2020-10-29,96472.0
2020-10-28,97435.0
2020-10-27,107755.0
2020-10-26,108072.0
2020-10-25,87064.0
2020-10-24,105932.0
2020-10-23,115901.0
2020-10-22,116210.0
2020-10-21,121443.0
2020-10-20,118715.0
2020-10-19,114911.0
2020-10-18,83896.0
2020-10-17,99490.0
2020-10-16,119022.0
2020-10-15,123491.0
2020-10-14,120737.0
2020-10-13,116905.0
2020-10-12,111107.0
2020-10-11,84352.0
2020-10-10,107322.0
2020-10-09,120487.0
2020-10-08,119978.0
2020-10-07,123016.0
2020-10-06,118043.0
2020-10-05,111936.0
2020-10-04,85754.0
2020-10-03,101924.0
2020-10-02,116831.0
2020-10-01,119336.0
2020-09-30,122111.0
2020-09-29,118456.0
2020-09-28,114153.0
2020-09-27,81955.0
2020-09-26,98839.0
2020-09-25,119178.0
2020-09-24,121644.0
2020-09-23,116764.0
2020-09-22,116137.0
2020-09-21,109592.0
2020-09-20,82303.0
2020-09-19,102041.0
2020-09-18,119477.0
2020-09-17,122101.0
2020-09-16,123770.0
2020-09-15,121489.0
2020-09-14,113423.0
2020-09-13,82276.0
2020-09-12,99117.0
2020-09-11,114355.0
2020-09-10,117549.0
2020-09-09,118192.0
2020-09-08,110009.0
2020-09-07,102802.0
2020-09-06,81877.0
2020-09-05,95743.0
2020-09-04,106441.0
2020-09-03,113200.0
2020-09-02,114086.0
2020-09-01,121477.0
2020-08-31,110960.0
2020-08-30,81520.0
2020-08-29,95799.0
2020-08-28,117345.0
2020-08-27,108477.0
2020-08-26,112243.0
2020-08-25,106864.0
2020-08-24,108522.0
2020-08-23,84353.0
2020-08-22,96964.0
2020-08-21,107827.0
2020-08-20,113348.0
2020-08-19,109826.0
2020-08-18,109015.0
2020-08-17,119364.0
2020-08-16,88445.0
2020-08-15,110720.0
2020-08-14,120144.0
2020-08-13,117926.0
2020-08-12,117167.0
2020-08-11,115474.0
2020-08-10,109808.0
2020-08-09,87907.0
2020-08-08,102535.0
2020-08-07,117387.0
2020-08-06,115556.0
2020-08-05,118373.0
2020-08-04,117426.0
2020-08-03,112836.0
2020-08-02,87217.0
2020-08-01,101311.0
2020-07-31,112856.0
2020-07-30,111432.0
2020-07-29,118274.0
2020-07-28,117489.0
2020-07-27,127675.0
2020-07-26,91518.0
2020-07-25,102448.0
2020-07-24,120373.0
2020-07-23,122525.0
2020-07-22,120631.0
2020-07-21,120589.0
2020-07-20,115644.0
2020-07-19,91793.0
2020-07-18,101343.0
2020-07-17,117087.0
2020-07-16,124741.0
2020-07-15,128413.0
2020-07-14,124185.0
2020-07-13,119894.0
2020-07-12,91272.0
2020-07-11,104905.0
2020-07-10,121245.0
2020-07-09,125019.0
2020-07-08,126757.0
2020-07-07,125388.0
2020-07-06,118444.0
2020-07-05,86153.0
2020-07-04,97880.0
2020-07-03,119198.0
2020-07-02,118622.0
2020-07-01,122340.0
2020-06-30,117659.0
2020-06-29,109480.0
2020-06-28,83022.0
2020-06-27,95211.0
2020-06-26,111916.0
2020-06-25,110202.0
2020-06-24,111163.0
2020-06-23,121043.0
2020-06-22,111566.0
2020-06-21,78824.0
2020-06-20,92712.0
2020-06-19,111152.0
2020-06-18,111254.0
2020-06-17,113188.0
2020-06-16,119884.0
2020-06-15,110367.0
2020-06-14,81377.0
2020-06-13,91246.0
2020-06-12,107338.0
2020-06-11,109124.0
2020-06-10,109082.0
2020-06-09,110563.0
2020-06-08,103306.0
2020-06-07,76745.0
2020-06-06,86383.0
2020-06-05,104084.0
2020-06-04,104324.0
2020-06-03,101543.0
2020-06-02,107854.0
2020-06-01,102248.0
2020-05-31,76234.0
2020-05-30,87639.0
2020-05-29,100135.0
2020-05-28,99204.0
2020-05-27,101086.0
2020-05-26,94097.0
2020-05-25,87335.0
2020-05-24,68387.0
2020-05-23,83568.0
2020-05-22,89905.0
2020-05-21,93371.0
2020-05-20,94486.0
2020-05-19,92960.0
2020-05-18,90071.0
2020-05-17,80040.0
2020-05-16,89601.0
2020-05-15,97649.0
2020-05-14,105883.0
2020-05-13,108965.0
2020-05-12,106668.0
2020-05-11,98717.0
2020-05-10,82589.0
2020-05-09,92996.0
2020-05-08,113613.0
2020-05-07,115385.0
2020-05-06,111430.0
2020-05-05,109312.0
2020-05-04,105757.0
2020-05-03,82822.0
2020-05-02,90542.0
2020-05-01,100142.0
2020-04-30,115334.0
2020-04-29,112180.0
2020-04-28,104109.0
2020-04-27,100244.0
2020-04-26,76491.0
2020-04-25,86764.0
2020-04-24,101644.0
2020-04-23,105336.0
2020-04-22,98530.0
2020-04-21,97508.0
2020-04-20,93267.0
2020-04-19,73847.0
2020-04-18,86348.0
2020-04-17,95436.0
2020-04-16,100430.0
2020-04-15,95601.0
2020-04-14,93476.0
2020-04-13,83770.0
2020-04-12,65274.0
2020-04-11,73010.0
2020-04-10,84525.0
2020-04-09,88722.0
2020-04-08,80889.0
2020-04-07,91546.0
2020-04-06,91812.0
2020-04-05,66648.0
2020-04-04,74469.0
2020-04-03,88719.0
2020-04-02,92394.0
2020-04-01,84291.0
2020-03-31,83871.0
2020-03-30,79383.0
2020-03-29,59315.0
2020-03-28,66146.0
2020-03-27,80254.0
2020-03-26,77419.0
2020-03-25,72808.0
2020-03-24,81833.0
2020-03-23,79098.0
2020-03-22,57786.0
2020-03-21,66378.0
2020-03-20,82819.0
2020-03-19,81910.0
2020-03-18,75091.0
2020-03-17,83264.0
2020-03-16,75919.0
2020-03-15,58231.0
2020-03-14,70450.0
2020-03-13,73819.0
2020-03-12,85208.0
2020-03-11,85710.0
2020-03-10,85604.0
2020-03-09,83604.0
2020-03-08,62630.0
2020-03-07,77741.0
2020-03-06,88006.0
2020-03-05,93677.0
2020-03-04,88466.0
2020-03-03,88959.0
2020-03-02,89066.0
2020-03-01,89066.0
2020-02-29,74109.0
2020-02-28,84323.0
2020-02-27,83331.0
2020-02-26,83577.0
2020-02-25,80602.0
2020-02-24,82491.0
2020-02-23,62664.0
2020-02-22,71719.0
2020-02-21,84686.0
2020-02-20,80755.0
2020-02-19,85901.0
2020-02-18,85690.0
2020-02-17,81009.0
2020-02-16,64279.0
2020-02-15,73097.0
2020-02-14,84538.0
2020-02-13,89278.0
2020-02-12,91904.0
2020-02-11,90760.0
2020-02-10,84989.0
2020-02-09,68515.0
2020-02-08,73118.0
2020-02-07,84881.0
2020-02-06,88679.0
2020-02-05,92900.0
2020-02-04,92900.0
2020-02-03,87643.0
2020-02-02,69636.0
2020-02-01,80859.0
2020-01-31,88553.0
2020-01-30,92374.0
2020-01-29,90856.0
2020-01-28,91733.0
2020-01-27,86583.0
2020-01-26,61133.0
2020-01-25,70329.0
2020-01-24,80965.0
2020-01-23,84124.0
2020-01-22,84820.0
2019-12-18,26663.0
2019-12-17,26663.0
2019-12-16,87342.0
2019-12-15,61380.0
2019-12-14,70855.0
2019-12-13,84134.0
2019-12-12,85677.0
2019-12-11,81066.0
2019-12-10,86024.0
2019-12-09,86871.0
2019-12-08,61252.0
2019-12-07,67005.0
2019-12-06,82947.0
2019-12-05,84264.0
2019-12-04,88204.0
2019-12-03,93127.0
2019-12-02,83429.0
2019-12-01,65885.0
2019-11-30,71020.0
2019-11-29,84816.0
2019-11-28,82028.0
2019-11-27,80238.0
2019-11-26,93130.0
2019-11-25,64270.0
2019-11-24,58172.0
2019-11-23,65743.0
2019-11-22,78342.0
2019-11-21,81620.0
2019-11-20,83406.0
2019-11-19,88690.0
2019-11-18,75346.0
2019-11-17,57051.0
2019-11-16,70345.0
2019-11-15,82533.0
2019-11-14,82672.0
2019-11-13,90574.0
2019-11-12,73277.0
2019-11-11,77280.0
2019-11-10,63021.0
2019-11-09,72002.0
2019-11-08,72759.0
2019-11-07,83307.0
2019-11-06,83708.0
2019-11-05,85944.0
2019-11-04,83817.0
2019-11-03,63930.0
2019-11-02,64610.0
2019-11-01,87270.0
2019-10-31,76280.0
2019-10-30,84384.0
2019-10-29,81091.0
2019-10-28,82114.0
2019-10-27,58950.0
2019-10-26,77961.0
2019-10-25,86090.0
2019-10-24,76023.0
2019-10-23,78157.0
2019-10-22,82719.0
2019-10-21,80662.0
2019-10-20,60039.0
2019-10-19,64785.0
2019-10-18,75132.0
2019-10-17,79040.0
2019-10-16,79750.0
2019-10-15,80429.0
2019-10-14,74504.0
2019-10-13,55226.0
2019-10-12,61929.0
2019-10-11,79405.0
2019-10-10,79757.0
2019-10-09,77148.0
2019-10-08,77503.0
2019-10-07,77448.0
2019-10-06,53167.0
2019-10-05,64694.0
2019-10-04,75651.0
2019-10-03,75295.0
2019-10-02,78787.0
2019-10-01,82409.0
2019-09-30,75964.0
2019-09-29,54660.0
2019-09-28,63418.0
2019-09-27,68927.0
2019-09-26,76182.0
2019-09-25,73039.0
2019-09-24,82630.0
2019-09-23,67816.0
2019-09-22,53403.0
2019-09-21,62054.0
2019-09-20,75130.0
2019-09-19,77175.0
2019-09-18,79169.0
2019-09-17,80434.0
2019-09-16,78646.0
2019-09-15,55210.0
2019-09-14,64370.0
2019-09-13,75526.0
2019-09-12,76000.0
2019-09-11,75359.0
2019-09-10,73918.0
2019-09-09,73654.0
2019-09-08,52464.0
2019-09-07,62915.0
2019-09-06,80652.0
2019-09-05,76772.0
2019-09-04,78522.0
2019-09-03,84930.0
2019-09-02,74363.0
2019-09-01,54545.0
2019-08-31,63061.0
2019-08-30,70758.0
2019-08-29,70866.0
2019-08-28,74673.0
2019-08-27,75435.0
2019-08-26,76134.0
2019-08-25,49302.0
2019-08-24,58485.0
2019-08-23,74154.0
2019-08-22,78222.0
2019-08-21,69410.0
2019-08-20,74982.0
2019-08-19,71864.0
2019-08-18,47844.0
2019-08-17,56020.0
2019-08-16,67650.0
2019-08-15,68483.0
2019-08-14,74779.0
2019-08-13,81718.0
2019-08-12,57266.0
2019-08-11,50989.0
2019-08-10,57997.0
2019-08-09,72841.0
2019-08-08,82569.0
2019-08-07,67727.0
2019-08-06,87053.0
2019-08-05,77116.0
2019-08-04,51656.0
2019-08-03,62230.0
2019-08-02,74996.0
2019-08-01,75301.0
2019-07-31,79521.0
2019-07-30,74023.0
2019-07-29,69716.0
2019-07-28,46234.0
2019-07-27,56716.0
2019-07-26,70399.0
2019-07-25,83167.0
2019-07-24,61248.0
2019-07-23,73612.0
2019-07-22,67501.0
2019-07-21,48762.0
2019-07-20,72114.0
2019-07-19,72914.0
2019-07-18,68386.0
2019-07-17,67351.0
2019-07-16,75735.0
2019-07-15,64244.0
2019-07-14,50672.0
2019-07-13,60531.0
2019-07-12,88103.0
2019-07-11,71630.0
2019-07-10,62569.0
2019-07-09,77496.0
2019-07-08,78508.0
2019-07-07,52042.0
2019-07-06,61588.0
2019-07-05,72082.0
2019-07-04,75967.0
2019-07-03,82052.0
2019-07-02,86335.0
2019-07-01,64282.0
2019-06-30,53976.0
2019-06-29,74686.0
2019-06-28,106784.0
2019-06-27,61596.0
2019-06-26,77868.0
2019-06-25,69051.0
2019-06-24,80900.0
2019-06-23,82813.0
2019-06-22,76716.0
2019-06-21,64709.0
2019-06-20,70246.0
2019-06-19,83487.0
2019-06-18,96174.0
2019-06-17,65082.0
2019-06-16,55650.0
2019-06-15,72035.0
2019-06-14,85099.0
2019-06-13,88881.0
2019-06-12,73746.0
2019-06-11,74927.0
2019-06-10,76334.0
2019-06-09,50044.0
2019-06-08,59788.0
2019-06-07,74844.0
2019-06-06,76023.0
2019-06-05,83099.0
2019-06-04,86127.0
2019-06-03,57739.0
2019-06-02,55436.0
2019-06-01,78798.0
2019-05-31,53528.0
2019-05-30,69098.0
2019-05-29,84048.0
2019-05-28,84414.0
2019-05-27,80832.0
2019-05-26,58727.0
2019-05-25,64924.0
2019-05-24,73637.0
2019-05-23,79937.0
2019-05-22,83156.0
2019-05-21,81872.0
2019-05-20,76813.0
2019-05-19,67016.0
2019-05-18,77965.0
2019-05-17,80835.0
2019-05-16,78078.0
2019-05-15,78690.0
2019-05-14,83053.0
2019-05-13,83811.0
2019-05-12,67243.0
2019-05-11,78021.0
2019-05-10,67032.0
2019-05-09,76768.0
2019-05-08,88657.0
2019-05-07,71260.0
2019-05-06,77830.0
2019-05-05,61102.0
2019-05-04,65730.0
2019-05-03,79113.0
2019-05-02,78712.0
2019-05-01,81898.0
2019-04-30,74239.0
2019-04-29,73472.0
2019-04-28,56407.0
2019-04-27,62038.0
2019-04-26,74462.0
2019-04-25,75907.0
2019-04-24,93527.0
2019-04-23,63671.0
2019-04-22,60780.0
2019-04-21,54952.0
2019-04-20,52653.0
2019-04-19,66642.0
2019-04-18,75166.0
2019-04-17,73516.0
2019-04-16,73507.0
2019-04-15,80679.0
2019-04-14,51106.0
2019-04-13,59290.0
2019-04-12,72381.0
2019-04-11,76777.0
2019-04-10,75889.0
2019-04-09,74427.0
2019-04-08,73403.0
2019-04-07,52477.0
2019-04-06,60931.0
2019-04-05,77502.0
2019-04-04,78771.0
2019-04-03,73776.0
2019-04-02,86388.0
2019-04-01,62562.0
2019-03-31,56278.0
2019-03-30,65153.0
2019-03-29,68362.0
2019-03-28,73825.0
2019-03-27,74242.0
2019-03-26,66664.0
2019-03-25,67594.0
2019-03-24,51190.0
2019-03-23,60206.0
2019-03-22,69045.0
2019-03-21,68429.0
2019-03-20,71126.0
2019-03-19,71163.0
2019-03-18,67958.0
2019-03-17,49780.0
2019-03-16,60239.0
2019-03-15,67844.0
2019-03-14,69881.0
2019-03-13,67255.0
2019-03-12,67821.0
2019-03-11,71926.0
2019-03-10,45651.0
2019-03-09,56542.0
2019-03-08,31209.0
2019-03-07,37196.0
2019-03-06,70035.0
2019-03-05,69912.0
2019-03-04,66555.0
2019-03-03,53423.0
2019-03-02,57335.0
2019-03-01,67936.0
2019-02-28,67453.0
2019-02-27,67748.0
2019-02-26,70830.0
2019-02-25,66020.0
2019-02-24,50462.0
2019-02-23,55797.0
2019-02-22,71803.0
2019-02-21,60901.0
2019-02-20,64076.0
2019-02-19,68907.0
2019-02-18,64110.0
2019-02-17,46155.0
2019-02-16,59079.0
2019-02-15,57047.0
2019-02-14,62849.0
2019-02-13,72175.0
2019-02-12,60187.0
2019-02-11,63242.0
2019-02-10,48002.0
2019-02-09,57334.0
2019-02-08,64958.0
2019-02-07,62359.0
2019-02-06,63930.0
2019-02-05,66164.0
2019-02-04,61728.0
2019-02-03,47164.0
2019-02-02,53111.0
2019-02-01,60041.0
2019-01-31,64184.0
2019-01-30,60748.0
2019-01-29,63158.0
2019-01-28,60813.0
2019-01-27,46047.0
2019-01-26,51449.0
2019-01-25,58662.0
2019-01-24,61803.0
2019-01-23,59887.0
2019-01-22,60355.0
2019-01-21,60748.0
2019-01-20,45754.0
2019-01-19,49592.0
2019-01-18,61015.0
2019-01-17,60874.0
2019-01-16,62933.0
2019-01-15,63298.0
2019-01-14,60436.0
2019-01-13,44069.0
2019-01-12,52340.0
2019-01-11,60044.0
2019-01-10,60527.0
2019-01-09,60639.0
2019-01-08,60454.0
2019-01-07,60430.0
2019-01-06,46766.0
2019-01-05,50060.0
2019-01-04,56309.0
2019-01-03,54495.0
2019-01-02,50735.0
2019-01-01,35743.0
2018-12-31,47235.0
2018-12-30,48469.0
2018-12-29,53226.0
2018-12-28,56611.0
2018-12-27,53977.0
2018-12-26,52296.0
2018-12-25,42204.0
2018-12-24,56230.0
2018-12-23,44650.0
2018-12-22,46567.0
2018-12-21,60983.0
2018-12-20,60104.0
2018-12-19,62672.0
2018-12-18,58689.0
2018-12-17,58483.0
2018-12-16,41115.0
2018-12-15,50173.0
2018-12-14,56493.0
2018-12-13,57118.0
2018-12-12,58613.0
2018-12-11,55906.0
2018-12-10,57476.0
2018-12-09,42638.0
2018-12-08,44505.0
2018-12-07,54953.0
2018-12-06,59597.0
2018-12-05,53062.0
2018-12-04,65835.0
2018-12-03,49309.0
2018-12-02,42734.0
2018-12-01,57026.0
2018-11-30,64478.0
2018-11-29,57062.0
2018-11-28,62778.0
2018-11-27,67269.0
2018-11-26,64622.0
2018-11-25,51966.0
2018-11-24,58176.0
2018-11-23,78775.0
2018-11-22,73660.0
2018-11-21,58389.0
2018-11-20,64978.0
2018-11-19,62183.0
2018-11-18,55022.0
2018-11-17,63165.0
2018-11-16,73660.0
2018-11-15,71596.0
2018-11-14,67491.0
2018-11-13,72173.0
2018-11-12,74836.0
2018-11-11,58198.0
2018-11-10,67596.0
2018-11-09,71424.0
2018-11-08,70621.0
2018-11-07,74852.0
2018-11-06,70196.0
2018-11-05,74761.0
2018-11-04,57219.0
2018-11-03,61926.0
2018-11-02,71925.0
2018-11-01,71328.0
2018-10-31,72472.0
2018-10-30,69419.0
2018-10-29,68756.0
2018-10-28,52319.0
2018-10-27,57920.0
2018-10-26,68435.0
2018-10-25,69952.0
2018-10-24,71092.0
2018-10-23,67879.0
2018-10-22,69425.0
2018-10-21,53274.0
2018-10-20,57877.0
2018-10-19,68839.0
2018-10-18,66857.0
2018-10-17,69676.0
2018-10-16,66359.0
2018-10-15,70015.0
2018-10-14,48548.0
2018-10-13,56344.0
2018-10-12,64468.0
2018-10-11,68232.0
2018-10-10,67009.0
2018-10-09,65115.0
2018-10-08,72050.0
2018-10-07,45151.0
2018-10-06,60822.0
2018-10-05,67437.0
2018-10-04,67286.0
2018-10-03,65737.0
2018-10-02,68103.0
2018-10-01,64903.0
2018-09-30,51522.0
2018-09-29,57635.0
2018-09-28,67174.0
2018-09-27,65199.0
2018-09-26,63606.0
2018-09-25,62469.0
2018-09-24,61984.0
2018-09-23,46889.0
2018-09-22,58849.0
2018-09-21,65815.0
2018-09-20,62075.0
2018-09-19,62579.0
2018-09-18,64481.0
2018-09-17,62732.0
2018-09-16,46876.0
2018-09-15,56609.0
2018-09-14,58714.0
2018-09-13,62180.0
2018-09-12,59457.0
2018-09-11,63676.0
2018-09-10,59373.0
2018-09-09,47117.0
2018-09-08,54987.0
2018-09-07,60430.0
2018-09-06,61431.0
2018-09-05,62235.0
2018-09-04,62084.0
2018-09-03,61354.0
2018-09-02,47177.0
2018-09-01,54482.0
2018-08-31,64349.0
2018-08-30,61350.0
2018-08-29,63593.0
2018-08-28,62483.0
2018-08-27,61495.0
2018-08-26,45369.0
2018-08-25,53642.0
2018-08-24,59398.0
2018-08-23,58846.0
2018-08-22,61419.0
2018-08-21,59739.0
2018-08-20,57524.0
2018-08-19,44268.0
2018-08-18,51003.0
2018-08-17,62001.0
2018-08-16,62064.0
2018-08-15,67577.0
2018-08-14,63352.0
2018-08-13,57087.0
2018-08-12,41540.0
2018-08-11,46859.0
2018-08-10,57029.0
2018-08-09,57628.0
2018-08-08,56947.0
2018-08-07,59801.0
2018-08-06,58159.0
2018-08-05,41153.0
2018-08-04,48260.0
2018-08-03,57926.0
2018-08-02,58758.0
2018-08-01,62321.0
2018-07-31,66412.0
2018-07-30,62998.0
2018-07-29,42478.0
2018-07-28,49205.0
2018-07-27,56295.0
2018-07-26,59152.0
2018-07-25,61960.0
2018-07-24,63979.0
2018-07-23,58124.0
2018-07-22,38713.0
2018-07-21,44987.0
2018-07-20,56511.0
2018-07-19,59349.0
2018-07-18,56791.0
2018-07-17,56961.0
2018-07-16,52190.0
2018-07-15,34938.0
2018-07-14,40171.0
2018-07-13,48596.0
2018-07-12,47260.0
2018-07-11,47869.0
2018-07-10,50824.0
2018-07-09,51062.0
2018-07-08,34846.0
2018-07-07,39329.0
2018-07-06,48116.0
2018-07-05,48145.0
2018-07-04,48193.0
2018-07-03,48651.0
2018-07-02,46253.0
2018-07-01,33715.0
2018-06-30,40994.0
2018-06-29,43869.0
2018-06-28,44253.0
2018-06-27,44697.0
2018-06-26,46358.0
2018-06-25,46831.0
2018-06-24,30823.0
2018-06-23,35163.0
2018-06-22,42305.0
2018-06-21,45341.0
2018-06-20,44798.0
2018-06-19,44163.0
2018-06-18,45617.0
2018-06-17,30679.0
2018-06-16,33819.0
2018-06-15,45654.0
2018-06-14,42829.0
2018-06-13,45148.0
2018-06-12,46348.0
2018-06-11,47330.0
2018-06-10,34036.0
2018-06-09,37587.0
2018-06-08,45670.0
2018-06-07,47882.0
2018-06-06,48026.0
2018-06-05,48405.0
2018-06-04,48566.0
2018-06-03,35122.0
2018-06-02,38677.0
2018-06-01,46018.0
2018-05-31,48990.0
2018-05-30,46568.0
2018-05-29,45720.0
2018-05-28,42239.0
2018-05-27,30071.0
2018-05-26,35471.0
2018-05-25,42979.0
2018-05-24,44054.0
2018-05-23,46284.0
2018-05-22,46299.0
2018-05-21,46341.0
2018-05-20,33842.0
2018-05-19,37429.0
2018-05-18,44858.0
2018-05-17,42515.0
2018-05-16,43830.0
2018-05-15,46074.0
2018-05-14,44557.0
2018-05-13,31253.0
2018-05-12,34987.0
2018-05-11,42217.0
2018-05-10,44493.0
2018-05-09,44289.0
2018-05-08,45603.0
2018-05-07,45702.0
2018-05-06,37150.0
2018-05-05,40782.0
2018-05-04,46889.0
2018-05-03,47746.0
2018-05-02,48251.0
2018-05-01,41012.0
2018-04-30,46183.0
2018-04-29,34801.0
2018-04-28,38518.0
2018-04-27,45689.0
2018-04-26,47179.0
2018-04-25,43932.0
2018-04-24,53089.0
2018-04-23,48325.0
2018-04-22,35156.0
2018-04-21,42484.0
2018-04-20,44820.0
2018-04-19,48539.0
2018-04-18,45773.0
2018-04-17,45790.0
2018-04-16,46236.0
2018-04-15,42989.0
2018-04-14,38123.0
2018-04-13,45279.0
2018-04-12,45132.0
2018-04-11,42166.0
2018-04-10,41272.0
2018-04-09,40077.0
2018-04-08,29423.0
2018-04-07,36567.0
2018-04-06,37889.0
2018-04-05,40207.0
2018-04-04,41346.0
2018-04-03,44651.0
2018-04-02,37282.0
2018-04-01,27949.0
2018-03-31,32962.0
2018-03-30,38870.0
2018-03-29,42334.0
2018-03-28,42188.0
2018-03-27,43411.0
2018-03-26,42390.0
2018-03-25,30027.0
2018-03-24,35298.0
2018-03-23,40321.0
2018-03-22,43862.0
2018-03-21,45291.0
2018-03-20,45750.0
2018-03-19,45007.0
2018-03-18,32383.0
2018-03-17,33230.0
2018-03-16,41752.0
2018-03-15,44906.0
2018-03-14,41871.0
2018-03-13,43019.0
2018-03-12,43309.0
2018-03-11,31746.0
2018-03-10,32887.0
2018-03-09,38513.0
2018-03-08,44114.0
2018-03-07,43277.0
2018-03-06,45111.0
2018-03-05,47510.0
2018-03-04,34657.0
2018-03-03,38405.0
2018-03-02,44116.0
2018-03-01,52215.0
2018-02-28,41246.0
2018-02-27,47950.0
2018-02-26,41805.0
2018-02-25,30379.0
2018-02-24,32952.0
2018-02-23,39850.0
2018-02-22,40156.0
2018-02-21,45683.0
2018-02-20,45657.0
2018-02-19,42648.0
2018-02-18,32328.0
2018-02-17,35640.0
2018-02-16,39807.0
2018-02-15,43135.0
2018-02-14,42611.0
2018-02-13,39126.0
2018-02-12,41634.0
2018-02-11,27976.0
2018-02-10,34213.0
2018-02-09,34678.0
2018-02-08,35811.0
2018-02-07,40090.0
2018-02-06,46362.0
2018-02-05,40852.0
2018-02-04,29618.0
2018-02-03,37380.0
2018-02-02,39185.0
2018-02-01,52539.0
2018-01-31,33656.0
2018-01-30,45263.0
2018-01-29,45654.0
2018-01-28,38714.0
2018-01-27,38711.0
2018-01-26,43761.0
2018-01-25,45624.0
2018-01-24,47828.0
2018-01-23,43403.0
2018-01-22,45659.0
2018-01-21,41987.0
2018-01-20,46473.0
2018-01-19,43462.0
2018-01-18,49989.0
2018-01-17,44418.0
2018-01-16,42731.0
2018-01-15,47256.0
2018-01-14,39943.0
2018-01-13,39690.0
2018-01-12,51150.0
2018-01-11,51638.0
2018-01-10,50262.0
2018-01-09,52481.0
2018-01-08,50055.0
2018-01-07,41153.0
2018-01-06,65737.0
2018-01-05,39627.0
2018-01-04,51380.0
2018-01-03,48906.0
2018-01-02,43995.0
2018-01-01,37593.0
2017-12-31,50964.0
2017-12-30,42136.0
2017-12-29,52306.0
2017-12-28,48384.0
2017-12-27,46058.0
2017-12-26,45559.0
2017-12-25,42867.0
2017-12-24,49434.0
2017-12-23,40957.0
2017-12-22,43222.0
2017-12-21,43505.0
2017-12-20,54677.0
2017-12-19,54852.0
2017-12-18,63495.0
2017-12-17,66631.0
2017-12-16,67827.0
2017-12-15,70019.0
2017-12-14,74490.0
2017-12-13,88936.0
2017-12-12,74175.0
2017-12-11,81608.0
2017-12-10,92443.0
2017-12-09,103296.0
2017-12-08,72179.0
2017-12-07,40456.0
2017-12-06,68654.0
2017-12-05,82967.0
2017-12-04,95492.0
2017-12-03,82178.0
2017-12-02,66294.0
2017-12-01,98564.0
2017-11-30,101161.0
2017-11-29,75102.0
2017-11-28,80874.0
2017-11-27,77678.0
2017-11-26,70565.0
2017-11-25,75988.0
2017-11-24,62870.0
2017-11-23,87303.0
2017-11-22,52308.0
2017-11-21,79792.0
2017-11-20,79580.0
2017-11-19,65790.0
2017-11-18,71800.0
2017-11-17,67726.0
2017-11-16,75780.0
2017-11-15,81718.0
2017-11-14,62542.0
2017-11-13,61688.0
2017-11-12,33412.0
2017-11-11,41910.0
2017-11-10,50788.0
2017-11-09,80847.0
2017-11-08,63818.0
2017-11-07,87384.0
2017-11-06,69333.0
2017-11-05,57157.0
2017-11-04,78108.0
2017-11-03,58368.0
2017-11-02,75205.0
2017-11-01,69431.0
2017-10-31,55498.0
2017-10-30,79024.0
2017-10-29,76653.0
2017-10-28,47173.0
2017-10-27,45580.0
2017-10-26,57861.0
2017-10-25,82193.0
2017-10-24,80143.0
2017-10-23,69986.0
2017-10-22,59568.0
2017-10-21,74716.0
2017-10-20,60366.0
2017-10-19,88436.0
2017-10-18,77708.0
2017-10-17,79307.0
2017-10-16,79133.0
2017-10-15,77340.0
2017-10-14,70631.0
2017-10-13,71336.0
2017-10-12,67572.0
2017-10-11,72162.0
2017-10-10,76375.0
2017-10-09,71130.0
2017-10-08,55380.0
2017-10-07,56453.0
2017-10-06,73371.0
2017-10-05,72239.0
2017-10-04,51710.0
2017-10-03,74707.0
2017-10-02,67362.0
2017-10-01,54545.0
2017-09-30,47963.0
2017-09-29,64970.0
2017-09-28,70585.0
2017-09-27,64731.0
2017-09-26,70603.0
2017-09-25,56222.0
2017-09-24,44381.0
2017-09-23,49957.0
2017-09-22,54882.0
2017-09-21,67667.0
2017-09-20,62846.0
2017-09-19,77104.0
2017-09-18,50564.0
2017-09-17,50502.0
2017-09-16,56143.0
2017-09-15,59745.0
2017-09-14,59137.0
2017-09-13,61876.0
2017-09-12,63428.0
2017-09-11,66927.0
2017-09-10,39777.0
2017-09-09,49335.0
2017-09-08,65736.0
2017-09-07,58979.0
2017-09-06,65085.0
2017-09-05,64429.0
2017-09-04,58478.0
2017-09-03,43968.0
2017-09-02,53020.0
2017-09-01,66264.0
2017-08-31,66779.0
2017-08-30,68987.0
2017-08-29,67502.0
2017-08-28,50105.0
2017-08-27,64186.0
2017-08-26,53786.0
2017-08-25,44880.0
2017-08-24,35753.0
2017-08-23,73047.0
2017-08-22,40218.0
2017-08-21,44321.0
2017-08-20,44323.0
2017-08-19,59168.0
2017-08-18,53841.0
2017-08-17,73224.0
2017-08-16,59145.0
2017-08-15,67660.0
2017-08-14,51703.0
2017-08-13,56181.0
2017-08-12,57059.0
2017-08-11,58884.0
2017-08-10,55044.0
2017-08-09,61912.0
2017-08-08,60026.0
2017-08-07,60848.0
2017-08-06,47283.0
2017-08-05,56264.0
2017-08-04,56590.0
2017-08-03,50621.0
2017-08-02,51878.0
2017-08-01,37015.0
2017-07-31,54422.0
2017-07-30,43818.0
2017-07-29,53094.0
2017-07-28,54565.0
2017-07-27,54446.0
2017-07-26,55596.0
2017-07-25,57762.0
2017-07-24,54399.0
2017-07-23,40307.0
2017-07-22,50756.0
2017-07-21,68887.0
2017-07-20,48537.0
2017-07-19,59680.0
2017-07-18,59777.0
2017-07-17,52386.0
2017-07-16,43722.0
2017-07-15,52264.0
2017-07-14,48039.0
2017-07-13,57473.0
2017-07-12,59122.0
2017-07-11,60871.0
2017-07-10,60132.0
2017-07-09,42912.0
2017-07-08,53177.0
2017-07-07,57704.0
2017-07-06,53067.0
2017-07-05,57417.0
2017-07-04,60568.0
2017-07-03,60638.0
2017-07-02,60638.0
2017-07-01,52713.0
2017-06-30,72762.0
2017-06-29,42696.0
2017-06-28,64433.0
2017-06-27,58749.0
2017-06-26,61505.0
2017-06-25,33296.0
2017-06-24,53641.0
2017-06-23,60036.0
2017-06-22,60405.0
2017-06-21,63345.0
2017-06-20,58223.0
2017-06-19,60843.0
2017-06-18,45035.0
2017-06-17,57747.0
2017-06-16,60521.0
2017-06-15,73585.0
2017-06-14,64458.0
2017-06-13,57404.0
2017-06-12,49682.0
2017-06-11,50089.0
2017-06-10,56896.0
2017-06-09,62317.0
2017-06-08,76681.0
2017-06-07,78436.0
2017-06-06,64286.0
2017-06-05,62587.0
2017-06-04,60758.0
2017-06-03,66148.0
2017-06-02,56128.0
2017-06-01,70707.0
2017-05-31,70453.0
2017-05-30,72491.0
2017-05-29,67211.0
2017-05-28,51346.0
2017-05-27,79411.0
2017-05-26,54405.0
2017-05-25,60627.0
2017-05-24,73964.0
2017-05-23,64140.0
2017-05-22,64732.0
2017-05-21,73165.0
2017-05-20,89758.0
2017-05-19,40480.0
2017-05-18,36293.0
2017-05-17,23791.0
2017-05-16,22332.0
2017-05-15,50101.0
2017-05-14,112714.0
2017-05-13,76260.0
2017-05-12,46718.0
2017-05-11,50706.0
2017-05-10,38786.0
2017-05-09,67317.0
2017-05-08,79927.0
2017-05-07,61931.0
2017-05-06,122796.0
2017-05-05,29430.0
2017-05-04,84014.0
2017-05-03,56755.0
2017-05-02,75625.0
2017-05-01,60107.0
2017-04-30,58421.0
2017-04-29,83208.0
2017-04-28,71433.0
2017-04-27,58450.0
2017-04-26,97410.0
2017-04-25,75838.0
2017-04-24,40675.0
2017-04-23,56788.0
2017-04-22,62442.0
2017-04-21,83606.0
2017-04-20,58110.0
2017-04-19,78039.0
2017-04-18,70680.0
2017-04-17,58135.0
2017-04-16,49838.0
2017-04-15,59686.0
2017-04-14,84983.0
2017-04-13,47807.0
2017-04-12,74552.0
2017-04-11,77893.0
2017-04-10,72797.0
2017-04-09,58359.0
2017-04-08,63072.0
2017-04-07,74114.0
2017-04-06,76407.0
2017-04-05,85543.0
2017-04-04,67825.0
2017-04-03,76647.0
2017-04-02,65028.0
2017-04-01,68896.0
2017-03-31,63732.0
2017-03-30,69400.0
2017-03-29,82309.0
2017-03-28,81226.0
2017-03-27,45984.0
2017-03-26,52337.0
2017-03-25,59163.0
2017-03-24,69200.0
2017-03-23,70942.0
2017-03-22,82354.0
2017-03-21,69486.0
2017-03-20,64083.0
2017-03-19,72291.0
2017-03-18,56623.0
2017-03-17,56682.0
2017-03-16,77335.0
2017-03-15,75491.0
2017-03-14,86625.0
2017-03-13,59024.0
2017-03-12,52931.0
2017-03-11,71848.0
2017-03-10,65141.0
2017-03-09,74505.0
2017-03-08,73857.0
2017-03-07,86203.0
2017-03-06,56466.0
2017-03-05,69815.0
2017-03-04,57711.0
2017-03-03,103507.0
2017-03-02,86507.0
2017-03-01,72692.0
2017-02-28,98807.0
2017-02-27,67803.0
2017-02-26,64675.0
2017-02-25,72375.0
2017-02-24,89881.0
2017-02-23,91425.0
2017-02-22,71589.0
2017-02-21,68515.0
2017-02-20,65765.0
2017-02-19,68606.0
2017-02-18,77876.0
2017-02-17,97733.0
2017-02-16,66046.0
2017-02-15,82213.0
2017-02-14,90539.0
2017-02-13,81798.0
2017-02-12,65338.0
2017-02-11,71978.0
2017-02-10,78362.0
2017-02-09,103329.0
2017-02-08,81842.0
2017-02-07,65532.0
2017-02-06,53519.0
2017-02-05,82919.0
2017-02-04,115119.0
2017-02-03,59567.0
2017-02-02,81836.0
2017-02-01,97553.0
2017-01-31,77475.0
2017-01-30,81811.0
2017-01-29,69124.0
2017-01-28,72755.0
2017-01-27,88470.0
2017-01-26,89792.0
2017-01-25,105439.0
2017-01-24,57986.0
2017-01-23,82187.0
2017-01-22,71782.0
2017-01-21,86425.0
2017-01-20,93994.0
2017-01-19,99472.0
2017-01-18,100479.0
2017-01-17,84793.0
2017-01-16,68151.0
2017-01-15,65487.0
2017-01-14,75413.0
2017-01-13,83776.0
2017-01-12,90749.0
2017-01-11,91277.0
2017-01-10,106154.0
2017-01-09,73457.0
2017-01-08,77135.0
2017-01-07,85527.0
2017-01-06,110785.0
2017-01-05,84073.0
2017-01-04,99910.0
2017-01-03,90471.0
2017-01-02,74048.0
2017-01-01,55180.0
2016-12-31,88999.0
2016-12-30,101271.0
2016-12-29,85500.0
2016-12-28,100068.0
2016-12-27,92929.0
2016-12-26,71934.0
2016-12-25,62997.0
2016-12-24,85610.0
2016-12-23,97297.0
2016-12-22,101706.0
2016-12-21,108609.0
2016-12-20,96541.0
2016-12-19,87993.0
2016-12-18,51602.0
2016-12-17,86226.0
2016-12-16,94549.0
2016-12-15,64614.0
2016-12-14,87545.0
2016-12-13,103040.0
2016-12-12,86294.0
2016-12-11,86541.0
2016-12-10,90112.0
2016-12-09,96504.0
2016-12-08,107989.0
2016-12-07,110675.0
2016-12-06,109653.0
2016-12-05,104664.0
2016-12-04,86087.0
2016-12-03,103329.0
2016-12-02,107283.0
2016-12-01,90395.0
2016-11-30,99847.0
2016-11-29,108762.0
2016-11-28,88951.0
2016-11-27,77154.0
2016-11-26,100564.0
2016-11-25,95448.0
2016-11-24,120664.0
2016-11-23,89131.0
2016-11-22,83961.0
2016-11-21,83383.0
2016-11-20,72945.0
2016-11-19,85189.0
2016-11-18,89646.0
2016-11-17,92244.0
2016-11-16,95492.0
2016-11-15,92112.0
2016-11-14,84412.0
2016-11-13,66104.0
2016-11-12,76245.0
2016-11-11,86458.0
2016-11-10,85819.0
2016-11-09,87168.0
2016-11-08,91520.0
2016-11-07,70065.0
2016-11-06,68052.0
2016-11-05,77778.0
2016-11-04,77281.0
2016-11-03,82509.0
2016-11-02,79306.0
2016-11-01,73951.0
2016-10-31,72010.0
2016-10-30,64057.0
2016-10-29,71475.0
2016-10-28,80533.0
2016-10-27,87843.0
2016-10-26,70691.0
2016-10-25,73662.0
2016-10-24,78539.0
2016-10-23,54563.0
2016-10-22,65454.0
2016-10-21,75336.0
2016-10-20,74623.0
2016-10-19,65497.0
2016-10-18,75241.0
2016-10-17,66966.0
2016-10-16,55967.0
2016-10-15,65668.0
2016-10-14,73587.0
2016-10-13,79464.0
2016-10-12,51374.0
2016-10-11,85676.0
2016-10-10,52990.0
2016-10-09,57362.0
2016-10-08,72829.0
2016-10-07,74407.0
2016-10-06,79449.0
2016-10-05,79463.0
2016-10-04,75200.0
2016-10-03,66808.0
2016-10-02,53426.0
2016-10-01,57964.0
2016-09-30,73163.0
2016-09-29,72151.0
2016-09-28,69454.0
2016-09-27,67693.0
2016-09-26,64288.0
2016-09-25,52246.0
2016-09-24,57430.0
2016-09-23,64095.0
2016-09-22,64496.0
2016-09-21,66259.0
2016-09-20,68572.0
2016-09-19,57564.0
2016-09-18,53398.0
2016-09-17,57298.0
2016-09-16,59508.0
2016-09-15,63112.0
2016-09-14,64166.0
2016-09-13,62502.0
2016-09-12,55677.0
2016-09-11,45119.0
2016-09-10,55303.0
2016-09-09,63958.0
2016-09-08,61679.0
2016-09-07,62424.0
2016-09-06,59567.0
2016-09-05,56005.0
2016-09-04,47936.0
2016-09-03,46800.0
2016-09-02,58876.0
2016-09-01,59451.0
2016-08-31,62316.0
2016-08-30,60064.0
2016-08-29,57758.0
2016-08-28,43940.0
2016-08-27,51144.0
2016-08-26,61473.0
2016-08-25,55999.0
2016-08-24,61596.0
2016-08-23,66210.0
2016-08-22,62871.0
2016-08-21,54200.0
2016-08-20,63971.0
2016-08-19,67999.0
2016-08-18,67897.0
2016-08-17,62678.0
2016-08-16,65414.0
2016-08-15,61040.0
2016-08-14,55970.0
2016-08-13,67354.0
2016-08-12,66845.0
2016-08-11,65011.0
2016-08-10,72246.0
2016-08-09,58556.0
2016-08-08,59612.0
2016-08-07,51099.0
2016-08-06,57042.0
2016-08-05,63889.0
2016-08-04,61549.0
2016-08-03,64995.0
2016-08-02,62768.0
2016-08-01,59343.0
2016-07-31,50449.0
2016-07-30,51901.0
2016-07-29,58742.0
2016-07-28,58240.0
2016-07-27,59044.0
2016-07-26,58434.0
2016-07-25,57586.0
2016-07-24,42824.0
2016-07-23,48765.0
2016-07-22,55532.0
2016-07-21,58341.0
2016-07-20,54990.0
2016-07-19,57608.0
2016-07-18,51512.0
2016-07-17,41843.0
2016-07-16,47526.0
2016-07-15,54377.0
2016-07-14,53961.0
2016-07-13,56325.0
2016-07-12,54288.0
2016-07-11,51775.0
2016-07-10,41726.0
2016-07-09,47722.0
2016-07-08,52612.0
2016-07-07,56175.0
2016-07-06,56811.0
2016-07-05,56739.0
2016-07-04,55851.0
2016-07-03,46383.0
2016-07-02,51830.0
2016-07-01,57982.0
2016-06-30,61053.0
2016-06-29,58261.0
2016-06-28,59049.0
2016-06-27,55294.0
2016-06-26,49930.0
2016-06-25,62887.0
2016-06-24,59293.0
2016-06-23,65830.0
2016-06-22,64187.0
2016-06-21,73034.0
2016-06-20,62199.0
2016-06-19,0.0
2016-06-18,63031.0
2016-06-17,0.0
2016-06-16,79787.0
2016-06-15,0.0
2016-06-14,66689.0
2016-06-13,0.0
2016-06-12,57374.0
2016-06-11,0.0
2016-06-10,65569.0
2016-06-09,0.0
2016-06-08,68956.0
2016-06-07,0.0
2016-06-06,65347.0
2016-06-05,0.0
2016-06-04,70633.0
2016-06-03,0.0
2016-06-02,69321.0
2016-06-01,0.0
2016-05-31,67020.0
2016-05-30,0.0
2016-05-29,52280.0
2016-05-28,0.0
2016-05-27,63564.0
2016-05-26,0.0
2016-05-25,76961.0
2016-05-24,0.0
2016-05-23,62487.0
2016-05-22,0.0
2016-05-21,58885.0
2016-05-20,0.0
2016-05-19,71839.0
2016-05-18,0.0
2016-05-17,74210.0
2016-05-16,0.0
2016-05-15,59322.0
2016-05-14,0.0
2016-05-13,67735.0
2016-05-12,0.0
2016-05-11,74249.0
2016-05-10,0.0
2016-05-09,66775.0
2016-05-08,0.0
2016-05-07,61177.0
2016-05-06,0.0
2016-05-05,74420.0
2016-05-04,0.0
2016-05-03,73169.0
2016-05-02,0.0
2016-05-01,51763.0
2016-04-30,0.0
2016-04-29,72111.0
2016-04-28,0.0
2016-04-27,68236.0
2016-04-26,0.0
2016-04-25,62626.0
2016-04-24,0.0
2016-04-23,54234.0
2016-04-22,0.0
2016-04-21,63370.0
2016-04-20,0.0
2016-04-19,68015.0
2016-04-18,0.0
2016-04-17,59264.0
2016-04-16,0.0
2016-04-15,63073.0
2016-04-14,0.0
2016-04-13,64807.0
2016-04-12,0.0
2016-04-11,68242.0
2016-04-10,0.0
2016-04-09,66828.0
2016-04-08,0.0
2016-04-07,72282.0
2016-04-06,0.0
2016-04-05,69636.0
2016-04-04,0.0
2016-04-03,60047.0
2016-04-02,0.0
2016-04-01,62876.0
2016-03-31,0.0
2016-03-30,66823.0
2016-03-29,0.0
2016-03-28,58476.0
2016-03-27,49676.0
2016-03-26,49697.0
2016-03-25,51813.0
2016-03-24,59407.0
2016-03-23,58235.0
2016-03-22,65147.0
2016-03-21,58988.0
2016-03-20,49656.0
2016-03-19,54666.0
2016-03-18,59385.0
2016-03-17,59060.0
2016-03-16,61419.0
2016-03-15,64790.0
2016-03-14,60614.0
2016-03-13,42589.0
2016-03-12,53539.0
2016-03-11,61372.0
2016-03-10,63792.0
2016-03-09,57801.0
2016-03-08,59818.0
2016-03-07,57278.0
2016-03-06,48732.0
2016-03-05,60157.0
2016-03-04,65312.0
2016-03-03,0.0
2016-03-02,112484.0
2016-03-01,0.0
2016-02-29,106690.0
2016-02-28,0.0
2016-02-27,75424.0
2016-02-26,0.0
2016-02-25,87154.0
2016-02-24,0.0
2016-02-23,99046.0
2016-02-22,0.0
2016-02-21,86305.0
2016-02-20,0.0
2016-02-19,93553.0
2016-02-18,0.0
2016-02-17,101191.0
2016-02-16,0.0
2016-02-15,91106.0
2016-02-14,0.0
2016-02-13,85715.0
2016-02-12,0.0
2016-02-11,96651.0
2016-02-10,0.0
2016-02-09,89629.0
2016-02-08,86341.0
2016-02-07,76819.0
2016-02-06,97132.0
2016-02-05,93576.0
2016-02-04,90119.0
2016-02-03,99668.0
2016-02-02,98940.0
2016-02-01,106701.0
2016-01-31,78536.0
2016-01-30,100316.0
2016-01-29,111213.0
2016-01-28,112091.0
2016-01-27,109328.0
2016-01-26,120853.0
2016-01-25,99396.0
2016-01-24,79592.0
2016-01-23,93680.0
2016-01-22,114501.0
2016-01-21,103505.0
2016-01-20,95520.0
2016-01-19,108415.0
2016-01-18,83942.0
2016-01-17,86602.0
2016-01-16,97635.0
2016-01-15,93481.0
2016-01-14,97189.0
2016-01-13,98708.0
2016-01-12,95209.0
2016-01-11,84107.0
2016-01-10,72256.0
2016-01-09,83710.0
2016-01-08,91334.0
2016-01-07,82925.0
2016-01-06,89942.0
2016-01-05,91906.0
2016-01-04,86738.0
2016-01-03,59721.0
2016-01-02,72474.0
2016-01-01,57713.0
2015-12-31,75700.0
2015-12-30,90103.0
2015-12-29,93445.0
2015-12-28,79508.0
2015-12-27,73993.0
2015-12-26,71880.0
2015-12-25,74636.0
2015-12-24,98532.0
2015-12-23,87602.0
2015-12-22,95106.0
2015-12-21,100448.0
2015-12-20,86386.0
2015-12-19,108680.0
2015-12-18,98843.0
2015-12-17,102821.0
2015-12-16,104408.0
2015-12-15,106684.0
2015-12-14,107945.0
2015-12-13,79214.0
2015-12-12,105552.0
2015-12-11,94527.0
2015-12-10,99722.0
2015-12-09,106004.0
2015-12-08,93044.0
2015-12-07,88613.0
2015-12-06,83148.0
2015-12-05,95443.0
2015-12-04,74964.0
2015-12-03,81800.0
2015-12-02,83303.0
2015-12-01,88273.0
2015-11-30,77493.0
2015-11-29,56804.0
2015-11-28,84646.0
2015-11-27,74477.0
2015-11-26,76849.0
2015-11-25,67595.0
2015-11-24,67371.0
2015-11-23,61302.0
2015-11-22,53053.0
2015-11-21,70200.0
2015-11-20,68842.0
2015-11-19,68256.0
2015-11-18,70194.0
2015-11-17,73416.0
2015-11-16,65883.0
2015-11-15,58911.0
2015-11-14,67362.0
2015-11-13,70769.0
2015-11-12,68885.0
2015-11-11,71669.0
2015-11-10,65767.0
2015-11-09,66078.0
2015-11-08,57162.0
2015-11-07,67839.0
2015-11-06,73094.0
2015-11-05,81843.0
2015-11-04,88728.0
2015-11-03,73181.0
2015-11-02,65543.0
2015-11-01,69218.0
2015-10-31,64789.0
2015-10-30,66995.0
2015-10-29,69482.0
2015-10-28,61184.0
2015-10-27,46468.0
2015-10-26,46463.0
2015-10-25,62034.0
2015-10-24,74147.0
2015-10-23,69478.0
2015-10-22,75097.0
2015-10-21,73478.0
2015-10-20,69493.0
2015-10-19,65413.0
2015-10-18,54437.0
2015-10-17,64586.0
2015-10-16,71548.0
2015-10-15,77786.0
2015-10-14,61681.0
2015-10-13,62389.0
2015-10-12,57415.0
2015-10-11,39182.0
2015-10-10,43785.0
2015-10-09,51282.0
2015-10-08,71113.0
2015-10-07,67976.0
2015-10-06,72903.0
2015-10-05,50309.0
2015-10-04,46192.0
2015-10-03,73382.0
2015-10-02,70028.0
2015-10-01,69993.0
2015-09-30,72555.0
2015-09-29,74311.0
2015-09-28,68307.0
2015-09-27,57125.0
2015-09-26,67442.0
2015-09-25,69609.0
2015-09-24,64569.0
2015-09-23,71110.0
2015-09-22,71072.0
2015-09-21,65953.0
2015-09-20,53935.0
2015-09-19,57551.0
2015-09-18,60345.0
2015-09-17,65577.0
2015-09-16,64344.0
2015-09-15,66297.0
2015-09-14,61040.0
2015-09-13,47435.0
2015-09-12,53354.0
2015-09-11,63171.0
2015-09-10,55136.0
2015-09-09,62813.0
2015-09-08,64668.0
2015-09-07,57984.0
2015-09-06,54478.0
2015-09-05,75068.0
2015-09-04,32019.0
2015-09-03,60283.0
2015-09-02,57807.0
2015-09-01,74351.0
2015-08-31,59540.0
2015-08-30,46992.0
2015-08-29,59892.0
2015-08-28,60910.0
2015-08-27,58733.0
2015-08-26,65055.0
2015-08-25,63980.0
2015-08-24,59748.0
2015-08-23,45509.0
2015-08-22,57435.0
2015-08-21,59431.0
2015-08-20,58965.0
2015-08-19,63104.0
2015-08-18,62331.0
2015-08-17,57398.0
2015-08-16,57398.0
2015-08-15,57620.0
2015-08-14,57620.0
2015-08-13,62215.0
2015-08-12,62215.0
2015-08-11,59083.0
2015-08-10,59083.0
2015-08-09,43492.0
2015-08-08,43492.0
2015-08-07,59183.0
2015-08-06,59183.0
2015-08-05,59010.0
2015-08-04,59010.0
2015-08-03,56145.0
2015-08-02,56145.0
2015-08-01,46987.0
2015-07-31,46987.0
2015-07-30,58447.0
2015-07-29,58447.0
2015-07-28,59356.0
2015-07-27,59356.0
2015-07-26,45325.0
2015-07-25,45325.0
2015-07-24,56045.0
2015-07-23,56045.0
2015-07-22,60639.0
2015-07-21,60639.0
2015-07-20,53833.0
2015-07-19,53833.0
2015-07-18,49649.0
2015-07-17,49649.0
2015-07-16,55296.0
2015-07-15,55296.0
2015-07-14,57442.0
2015-07-13,57442.0
2015-07-12,41777.0
2015-07-11,41777.0
2015-07-10,62109.0
2015-07-09,62109.0
2015-07-08,47254.0
2015-07-07,47254.0
2015-07-06,62135.0
2015-07-05,62135.0
2015-07-04,54507.0
2015-07-03,54507.0
2015-07-02,64723.0
2015-07-01,64723.0
2015-06-30,63853.0
2015-06-29,63853.0
2015-06-28,49823.0
2015-06-27,49823.0
2015-06-26,63145.0
2015-06-25,63145.0
2015-06-24,61503.0
2015-06-23,61503.0
2015-06-22,56649.0
2015-06-21,56649.0
2015-06-20,58344.0
2015-06-19,58344.0
2015-06-18,63131.0
2015-06-17,63131.0
2015-06-16,65967.0
2015-06-15,65967.0
2015-06-14,54162.0
2015-06-13,54162.0
2015-06-12,63601.0
2015-06-11,63601.0
2015-06-10,65262.0
2015-06-09,65262.0
2015-06-08,45770.0
2015-06-07,45770.0
2015-06-06,45439.0
2015-06-05,45439.0
2015-06-04,69258.0
2015-06-03,69258.0
2015-06-02,65118.0
2015-06-01,65118.0
2015-05-31,50155.0
2015-05-30,50155.0
2015-05-29,60446.0
2015-05-28,60446.0
2015-05-27,57422.0
2015-05-26,57422.0
2015-05-25,58854.0
2015-05-24,58854.0
2015-05-23,48905.0
2015-05-22,48905.0
2015-05-21,53933.0
2015-05-20,53933.0
2015-05-19,57512.0
2015-05-18,57512.0
2015-05-17,43717.0
2015-05-16,43717.0
2015-05-15,56477.0
2015-05-14,56477.0
2015-05-13,57638.0
2015-05-12,57638.0
2015-05-11,56649.0
2015-05-10,56649.0
2015-05-09,53900.0
2015-05-08,53900.0
2015-05-07,59704.0
2015-05-06,59704.0
2015-05-05,64725.0
2015-05-04,64725.0
2015-05-03,47898.0
2015-05-02,47898.0
2015-05-01,57928.0
2015-04-30,57928.0
2015-04-29,67094.0
2015-04-28,67094.0
2015-04-27,61238.0
2015-04-26,61238.0
2015-04-25,54225.0
2015-04-24,54225.0
2015-04-23,58441.0
2015-04-22,58441.0
2015-04-21,58365.0
2015-04-20,58365.0
2015-04-19,44221.0
2015-04-18,44221.0
2015-04-17,51353.0
2015-04-16,51353.0
2015-04-15,52993.0
2015-04-14,52993.0
2015-04-13,52669.0
2015-04-12,52669.0
2015-04-11,47315.0
2015-04-10,47315.0
2015-04-09,54627.0
2015-04-08,54627.0
2015-04-07,53992.0
2015-04-06,53992.0
2015-04-05,41513.0
2015-04-04,41513.0
2015-04-03,48060.0
2015-04-02,48060.0
2015-04-01,57359.0
2015-03-31,57359.0
2015-03-30,44578.0
2015-03-29,44578.0
2015-03-28,40658.0
2015-03-27,40658.0
2015-03-26,42076.0
2015-03-25,42076.0
2015-03-24,45131.0
2015-03-23,45131.0
2015-03-22,40201.0
2015-03-21,40201.0
2015-03-20,46581.0
2015-03-19,46581.0
2015-03-18,49994.0
2015-03-17,49994.0
2015-03-16,49128.0
2015-03-15,49128.0
2015-03-14,45156.0
2015-03-13,45156.0
2015-03-12,49736.0
2015-03-11,49736.0
2015-03-10,59261.0
2015-03-09,59261.0
2015-03-08,39113.0
2015-03-07,39113.0
2015-03-06,47853.0
2015-03-05,47853.0
2015-03-04,48926.0
2015-03-03,48926.0
2015-03-02,48148.0
2015-03-01,48148.0
2015-02-28,39541.0
2015-02-27,39541.0
2015-02-26,46993.0
2015-02-25,46993.0
2015-02-24,51512.0
2015-02-23,51512.0
2015-02-22,40302.0
2015-02-21,40302.0
2015-02-20,49636.0
2015-02-19,49636.0
2015-02-18,49281.0
2015-02-17,49281.0
2015-02-16,48065.0
2015-02-15,48065.0
2015-02-14,49519.0
2015-02-13,49519.0
2015-02-12,41316.0
2015-02-11,41316.0
2015-02-10,47190.0
2015-02-09,47190.0
2015-02-08,37568.0
2015-02-07,37568.0
2015-02-06,38756.0
2015-02-05,38756.0
2015-02-04,43307.0
2015-02-03,43307.0
2015-02-02,39299.0
2015-02-01,39299.0
2015-01-31,39226.0
2015-01-30,39226.0
2015-01-29,38068.0
2015-01-28,38068.0
2015-01-27,42168.0
2015-01-26,42168.0
2015-01-25,36817.0
2015-01-24,36817.0
2015-01-23,41373.0
2015-01-22,41373.0
2015-01-21,43146.0
2015-01-20,43146.0
2015-01-19,43289.0
2015-01-18,43289.0
2015-01-17,41872.0
2015-01-16,41872.0
2015-01-15,45312.0
2015-01-14,45312.0
2015-01-13,44501.0
2015-01-12,44501.0
2015-01-11,37722.0
2015-01-10,37722.0
2015-01-09,50945.0
2015-01-08,50945.0
2015-01-07,41187.0
2015-01-06,41187.0
2015-01-05,41150.0
2015-01-04,41150.0
2015-01-03,34811.0
2015-01-02,34811.0
2015-01-01,25116.0
2014-12-31,25116.0
2014-12-30,38382.0
2014-12-29,38382.0
2014-12-28,27070.0
2014-12-27,27070.0
2014-12-26,28802.0
2014-12-25,28802.0
2014-12-24,35775.0
2014-12-23,35775.0
2014-12-22,35046.0
2014-12-21,35046.0
2014-12-20,43358.0
2014-12-19,43358.0
2014-12-18,47878.0
2014-12-17,47878.0
2014-12-16,46061.0
2014-12-15,46061.0
2014-12-14,33999.0
2014-12-13,33999.0
2014-12-12,38193.0
2014-12-11,38193.0
2014-12-10,41903.0
2014-12-09,41903.0
2014-12-08,39864.0
2014-12-07,39864.0
2014-12-06,41897.0
2014-12-05,41897.0
2014-12-04,48645.0
2014-12-03,48645.0
2014-12-02,46847.0
2014-12-01,46847.0
2014-11-30,37613.0
2014-11-29,37613.0
2014-11-28,40973.0
2014-11-27,40973.0
2014-11-26,44683.0
2014-11-25,44683.0
2014-11-24,42294.0
2014-11-23,42294.0
2014-11-22,36842.0
2014-11-21,36842.0
2014-11-20,41232.0
2014-11-19,41232.0
2014-11-18,39694.0
2014-11-17,39694.0
2014-11-16,33894.0
2014-11-15,33894.0
2014-11-14,42661.0
2014-11-13,42661.0
2014-11-12,43877.0
2014-11-11,43877.0
2014-11-10,42424.0
2014-11-09,42424.0
2014-11-08,37848.0
2014-11-07,37848.0
2014-11-06,41710.0
2014-11-05,41710.0
2014-11-04,42876.0
2014-11-03,42876.0
2014-11-02,37621.0
2014-11-01,37621.0
2014-10-31,41143.0
2014-10-30,41143.0
2014-10-29,43379.0
2014-10-28,43379.0
2014-10-27,37748.0
2014-10-26,37748.0
2014-10-25,35538.0
2014-10-24,35538.0
2014-10-23,35074.0
2014-10-22,35074.0
2014-10-21,37939.0
2014-10-20,37939.0
2014-10-19,28468.0
2014-10-18,28468.0
2014-10-17,33443.0
2014-10-16,33443.0
2014-10-15,34088.0
2014-10-14,34088.0
2014-10-13,34064.0
2014-10-12,34064.0
2014-10-11,29753.0
2014-10-10,29753.0
2014-10-09,32742.0
2014-10-08,32742.0
2014-10-07,34985.0
2014-10-06,34985.0
2014-10-05,29225.0
2014-10-04,29225.0
2014-10-03,29311.0
2014-10-02,29311.0
2014-10-01,33436.0
2014-09-30,33436.0
2014-09-29,28382.0
2014-09-28,28382.0
2014-09-27,27862.0
2014-09-26,27862.0
2014-09-25,32504.0
2014-09-24,32504.0
2014-09-23,30999.0
2014-09-22,30999.0
2014-09-21,26974.0
2014-09-20,26974.0
2014-09-19,29401.0
2014-09-18,29401.0
2014-09-17,34788.0
2014-09-16,34788.0
2014-09-15,33547.0
2014-09-14,33547.0
2014-09-13,29090.0
2014-09-12,29090.0
2014-09-11,30304.0
2014-09-10,30304.0
2014-09-09,34848.0
2014-09-08,34848.0
2014-09-07,27023.0
2014-09-06,27023.0
2014-09-05,29032.0
2014-09-04,29032.0
2014-09-03,31518.0
2014-09-02,31518.0
2014-09-01,27625.0
2014-08-31,27625.0
2014-08-30,28770.0
2014-08-29,28770.0
2014-08-28,29773.0
2014-08-27,29773.0
2014-08-26,31290.0
2014-08-25,31290.0
2014-08-24,21318.0
2014-08-23,21318.0
2014-08-22,28733.0
2014-08-21,28733.0
2014-08-20,30018.0
2014-08-19,30018.0
2014-08-18,30002.0
2014-08-17,30002.0
2014-08-16,31998.0
2014-08-15,31998.0
2014-08-14,29958.0
2014-08-13,29958.0
2014-08-12,32495.0
2014-08-11,32495.0
2014-08-10,25927.0
2014-08-09,25927.0
2014-08-08,29462.0
2014-08-07,29462.0
2014-08-06,35000.0
2014-08-05,35000.0
2014-08-04,27302.0
2014-08-03,27302.0
2014-08-02,26387.0
2014-08-01,26387.0
2014-07-31,29542.0
2014-07-30,29542.0
2014-07-29,27676.0
2014-07-28,27676.0
2014-07-27,22981.0
2014-07-26,22981.0
2014-07-25,28452.0
2014-07-24,28452.0
2014-07-23,31271.0
2014-07-22,31271.0
2014-07-21,26874.0
2014-07-20,26874.0
2014-07-19,28053.0
2014-07-18,28053.0
2014-07-17,31000.0
2014-07-16,31000.0
2014-07-15,32561.0
2014-07-14,32561.0
2014-07-13,23633.0
2014-07-12,23633.0
2014-07-11,27147.0
2014-07-10,27147.0
2014-07-09,34819.0
2014-07-08,34819.0
2014-07-07,26776.0
2014-07-06,26776.0
2014-07-05,22005.0
2014-07-04,22005.0
2014-07-03,26987.0
2014-07-02,26987.0
2014-07-01,31385.0
2014-06-30,31385.0
2014-06-29,22906.0
2014-06-28,22906.0
2014-06-27,28227.0
2014-06-26,28227.0
2014-06-25,28585.0
2014-06-24,28585.0
2014-06-23,24888.0
2014-06-22,24888.0
2014-06-21,21253.0
2014-06-20,21253.0
2014-06-19,25790.0
2014-06-18,25790.0
2014-06-17,27566.0
2014-06-16,27566.0
2014-06-15,20636.0
2014-06-14,20636.0
2014-06-13,25835.0
2014-06-12,25835.0
2014-06-11,27753.0
2014-06-10,27753.0
2014-06-09,23117.0
2014-06-08,23117.0
2014-06-07,21928.0
2014-06-06,21928.0
2014-06-05,27880.0
2014-06-04,27880.0
2014-06-03,27378.0
2014-06-02,27378.0
2014-06-01,20896.0
2014-05-31,20896.0
2014-05-30,26627.0
2014-05-29,26627.0
2014-05-28,30215.0
2014-05-27,30215.0
2014-05-26,27761.0
2014-05-25,27761.0
2014-05-24,23965.0
2014-05-23,23965.0
2014-05-22,28884.0
2014-05-21,28884.0
2014-05-20,28405.0
2014-05-19,28405.0
2014-05-18,21467.0
2014-05-17,21467.0
2014-05-16,28964.0
2014-05-15,28964.0
2014-05-14,28897.0
2014-05-13,28897.0
2014-05-12,30998.0
2014-05-11,30998.0
2014-05-10,25048.0
2014-05-09,25048.0
2014-05-08,30102.0
2014-05-07,30102.0
2014-05-06,32728.0
2014-05-05,32728.0
2014-05-04,21860.0
2014-05-03,21860.0
2014-05-02,25162.0
2014-05-01,25162.0
2014-04-30,23650.0
2014-04-29,23650.0
2014-04-28,24456.0
2014-04-27,24456.0
2014-04-26,21647.0
2014-04-25,21647.0
2014-04-24,26692.0
2014-04-23,26692.0
2014-04-22,29703.0
2014-04-21,29703.0
2014-04-20,19874.0
2014-04-19,19874.0
2014-04-18,16161.0
2014-04-17,16161.0
2014-04-16,24848.0
2014-04-15,24848.0
2014-04-14,23640.0
2014-04-13,23640.0
2014-04-12,21339.0
2014-04-11,21339.0
2014-04-10,25981.0
2014-04-09,25981.0
2014-04-08,27036.0
2014-04-07,27036.0
2014-04-06,19148.0
2014-04-05,19148.0
2014-04-04,25761.0
2014-04-03,25761.0
2014-04-02,23527.0
2014-04-01,23527.0
2014-03-31,21600.0
2014-03-30,21600.0
2014-03-29,20368.0
2014-03-28,20368.0
2014-03-27,24640.0
2014-03-26,24640.0
2014-03-25,26501.0
2014-03-24,26501.0
2014-03-23,20007.0
2014-03-22,20007.0
2014-03-21,30315.0
2014-03-20,30315.0
2014-03-19,9182.0
2014-03-18,9182.0
2014-03-17,6.0
2014-03-16,6.0
2014-03-15,67.0
2014-03-14,67.0
2014-03-13,86.0
2014-03-12,86.0
2014-03-11,23962.0
2014-03-10,23962.0
2014-03-09,21058.0
2014-03-08,21058.0
2014-03-07,24631.0
2014-03-06,24631.0
2014-03-05,26827.0
2014-03-04,26827.0
2014-03-03,26482.0
2014-03-02,26482.0
2014-03-01,23073.0
2014-02-28,23073.0
2014-02-27,25282.0
2014-02-26,25282.0
2014-02-25,30041.0
2014-02-24,30041.0
2014-02-23,20491.0
2014-02-22,20491.0
2014-02-21,27237.0
2014-02-20,27237.0
2014-02-19,22477.0
2014-02-18,22477.0
2014-02-17,14899.0
2014-02-16,14899.0
2014-02-15,21739.0
2014-02-14,21739.0
2014-02-13,23977.0
2014-02-12,23977.0
2014-02-11,17406.0
2014-02-10,17406.0
2014-02-09,17891.0
2014-02-08,17891.0
2014-02-07,23173.0
2014-02-06,23173.0
2014-02-05,22923.0
2014-02-04,22923.0
2014-02-03,19436.0
2014-02-02,19436.0
2014-02-01,19289.0
2014-01-31,19289.0
2014-01-30,19965.0
2014-01-29,19965.0
2014-01-28,22057.0
2014-01-27,22057.0
2014-01-26,15602.0
2014-01-25,15602.0
2014-01-24,21013.0
2014-01-23,21013.0
2014-01-22,20487.0
2014-01-21,20487.0
2014-01-20,17772.0
2014-01-19,17772.0
2014-01-18,17005.0
2014-01-17,17005.0
2014-01-16,18301.0
2014-01-15,18301.0
2014-01-14,18778.0
2014-01-13,18778.0
2014-01-12,17004.0
2014-01-11,17004.0
2014-01-10,20518.0
2014-01-09,20518.0
2014-01-08,22105.0
2014-01-07,22105.0
2014-01-06,22084.0
2014-01-05,22084.0
2014-01-04,17584.0
2014-01-03,17584.0
2014-01-02,15768.0
2014-01-01,15768.0
2013-12-31,17423.0
2013-12-30,17423.0
2013-12-29,15303.0
2013-12-28,15303.0
2013-12-27,18683.0
2013-12-26,18683.0
2013-12-25,23885.0
2013-12-24,23885.0
2013-12-23,16413.0
2013-12-22,16413.0
2013-12-21,19695.0
2013-12-20,19695.0
2013-12-19,22264.0
2013-12-18,22264.0
2013-12-17,22101.0
2013-12-16,22101.0
2013-12-15,15669.0
2013-12-14,15669.0
2013-12-13,20457.0
2013-12-12,20457.0
2013-12-11,21693.0
2013-12-10,21693.0
2013-12-09,17127.0
2013-12-08,17127.0
2013-12-07,24469.0
2013-12-06,24469.0
2013-12-05,31110.0
2013-12-04,31110.0
2013-12-03,27165.0
2013-12-02,27165.0
2013-12-01,19044.0
2013-11-30,19044.0
2013-11-29,25951.0
2013-11-28,25951.0
2013-11-27,30093.0
2013-11-26,30093.0
2013-11-25,21794.0
2013-11-24,21794.0
2013-11-23,27926.0
2013-11-22,27926.0
2013-11-21,21661.0
2013-11-20,21661.0
2013-11-19,33490.0
2013-11-18,33490.0
2013-11-17,14177.0
2013-11-16,14177.0
2013-11-15,18495.0
2013-11-14,18495.0
2013-11-13,19525.0
2013-11-12,19525.0
2013-11-11,14610.0
2013-11-10,14610.0
2013-11-09,18522.0
2013-11-08,18522.0
2013-11-07,21188.0
2013-11-06,21188.0
2013-11-05,16864.0
2013-11-04,16864.0
2013-11-03,10703.0
2013-11-02,10703.0
2013-11-01,12392.0
2013-10-31,12392.0
2013-10-30,13681.0
2013-10-29,13681.0
2013-10-28,11688.0
2013-10-27,11688.0
2013-10-26,11869.0
2013-10-25,11869.0
2013-10-24,17802.0
2013-10-23,17802.0
2013-10-22,17225.0
2013-10-21,17225.0
2013-10-20,10184.0
2013-10-19,10184.0
2013-10-18,13876.0
2013-10-17,13876.0
2013-10-16,12068.0
2013-10-15,12068.0
2013-10-14,11955.0
2013-10-13,11955.0
2013-10-12,12088.0
2013-10-11,12088.0
2013-10-10,14702.0
2013-10-09,14702.0
2013-10-08,10854.0
2013-10-07,10854.0
2013-10-06,10285.0
2013-10-05,10285.0
2013-10-04,13290.0
2013-10-03,13290.0
2013-10-02,16128.0
2013-10-01,16128.0
2013-09-30,9372.0
2013-09-29,9372.0
2013-09-28,10518.0
2013-09-27,10518.0
2013-09-26,10398.0
2013-09-25,10398.0
2013-09-24,15020.0
2013-09-23,15020.0
2013-09-22,9008.0
2013-09-21,9008.0
2013-09-20,13019.0
2013-09-19,13019.0
2013-09-18,11570.0
2013-09-17,11570.0
2013-09-16,8782.0
2013-09-15,8782.0
2013-09-14,10232.0
2013-09-13,10232.0
2013-09-12,11369.0
2013-09-11,11369.0
2013-09-10,10566.0
2013-09-09,10566.0
2013-09-08,6454.0
2013-09-07,6454.0
2013-09-06,12597.0
2013-09-05,12597.0
2013-09-04,11767.0
2013-09-03,11767.0
2013-09-02,9849.0
2013-09-01,9849.0
2013-08-31,8056.0
2013-08-30,8056.0
2013-08-29,10339.0
2013-08-28,10339.0
2013-08-27,14129.0
2013-08-26,14129.0
2013-08-25,8444.0
2013-08-24,8444.0
2013-08-23,14504.0
2013-08-22,14504.0
2013-08-21,14044.0
2013-08-20,14044.0
2013-08-19,12978.0
2013-08-18,12978.0
2013-08-17,10979.0
2013-08-16,10979.0
2013-08-15,12845.0
2013-08-14,12845.0
2013-08-13,10259.0
2013-08-12,10259.0
2013-08-11,6742.0
2013-08-10,6742.0
2013-08-09,8681.0
2013-08-08,8681.0
2013-08-07,10681.0
2013-08-06,10681.0
2013-08-05,10073.0
2013-08-04,10073.0
2013-08-03,9966.0
2013-08-02,9966.0
2013-08-01,11722.0
2013-07-31,11722.0
2013-07-30,9489.0
2013-07-29,9489.0
2013-07-28,7499.0
2013-07-27,7499.0
2013-07-26,10280.0
2013-07-25,10280.0
2013-07-24,10045.0
2013-07-23,10045.0
2013-07-22,7191.0
2013-07-21,7191.0
2013-07-20,5671.0
2013-07-19,5671.0
2013-07-18,7077.0
2013-07-17,7077.0
2013-07-16,6840.0
2013-07-15,6840.0
2013-07-14,7081.0
2013-07-13,7081.0
2013-07-12,7372.0
2013-07-11,7372.0
2013-07-10,6757.0
2013-07-09,6757.0
2013-07-08,5699.0
2013-07-07,5699.0
2013-07-06,5987.0
2013-07-05,5987.0
2013-07-04,4706.0
2013-07-03,4706.0
2013-07-02,6224.0
2013-07-01,6224.0
2013-06-30,5526.0
2013-06-29,5526.0
2013-06-28,9066.0
2013-06-27,9066.0
2013-06-26,8687.0
2013-06-25,8687.0
2013-06-24,6701.0
2013-06-23,6701.0
2013-06-22,7651.0
2013-06-21,7651.0
2013-06-20,8114.0
2013-06-19,8114.0
2013-06-18,7729.0
2013-06-17,7729.0
2013-06-16,6606.0
2013-06-15,6606.0
2013-06-14,6090.0
2013-06-13,6090.0
2013-06-12,7519.0
2013-06-11,7519.0
2013-06-10,7240.0
2013-06-09,7240.0
2013-06-08,8782.0
2013-06-07,8782.0
2013-06-06,11574.0
2013-06-05,11574.0
2013-06-04,10248.0
2013-06-03,10248.0
2013-06-02,9689.0
2013-06-01,9689.0
2013-05-31,9970.0
2013-05-30,9970.0
2013-05-29,10359.0
2013-05-28,10359.0
2013-05-27,8961.0
2013-05-26,8961.0
2013-05-25,8797.0
2013-05-24,8797.0
2013-05-23,8596.0
2013-05-22,8596.0
2013-05-21,6273.0
2013-05-20,6273.0
2013-05-19,5803.0
2013-05-18,5803.0
2013-05-17,7713.0
2013-05-16,7713.0
2013-05-15,6899.0
2013-05-14,6899.0
2013-05-13,8048.0
2013-05-12,8048.0
2013-05-11,7372.0
2013-05-10,7372.0
2013-05-09,8341.0
2013-05-08,8341.0
2013-05-07,9178.0
2013-05-06,9178.0
2013-05-05,7480.0
2013-05-04,7480.0
2013-05-03,8913.0
2013-05-02,8913.0
2013-05-01,8278.0
2013-04-30,8278.0
2013-04-29,6171.0
2013-04-28,6171.0
2013-04-27,7877.0
2013-04-26,7877.0
2013-04-25,9088.0
2013-04-24,9088.0
2013-04-23,8803.0
2013-04-22,8803.0
2013-04-21,7062.0
2013-04-20,7062.0
2013-04-19,7881.0
2013-04-18,7881.0
2013-04-17,9149.0
2013-04-16,9149.0
2013-04-15,7435.0
2013-04-14,7435.0
2013-04-13,7383.0
2013-04-12,7383.0
2013-04-11,11396.0
2013-04-10,11396.0
2013-04-09,10685.0
2013-04-08,10685.0
2013-04-07,8929.0
2013-04-06,8929.0
2013-04-05,9595.0
2013-04-04,9595.0
2013-04-03,11277.0
2013-04-02,11277.0
2013-04-01,8300.0
2013-03-31,8300.0
2013-03-30,10600.0
2013-03-29,10600.0
2013-03-28,11540.0
2013-03-27,11540.0
2013-03-26,8358.0
2013-03-25,8358.0
2013-03-24,6873.0
2013-03-23,6873.0
2013-03-22,10257.0
2013-03-21,10257.0
2013-03-20,7359.0
2013-03-19,7359.0
2013-03-18,6083.0
2013-03-17,6083.0
2013-03-16,7197.0
2013-03-15,7197.0
2013-03-14,11098.0
2013-03-13,11098.0
2013-03-12,8875.0
2013-03-11,8875.0
2013-03-10,16943.0
2013-03-09,16943.0
2013-03-08,338.0
2013-03-07,338.0
2013-03-06,15411.0
2013-03-05,15411.0
2013-03-04,13216.0
2013-03-03,13216.0
2013-03-02,13419.0
2013-03-01,13419.0
2013-02-28,13189.0
2013-02-27,13189.0
2013-02-26,12038.0
2013-02-25,12038.0
2013-02-24,9656.0
2013-02-23,9656.0
2013-02-22,11269.0
2013-02-21,11269.0
2013-02-20,13064.0
2013-02-19,13064.0
2013-02-18,9260.0
2013-02-17,9260.0
2013-02-16,12083.0
2013-02-15,12083.0
2013-02-14,11051.0
2013-02-13,11051.0
2013-02-12,12303.0
2013-02-11,12303.0
2013-02-10,8621.0
2013-02-09,8621.0
2013-02-08,15046.0
2013-02-07,15046.0
2013-02-06,7393.0
2013-02-05,7393.0
2013-02-04,10370.0
2013-02-03,10370.0
2013-02-02,8331.0
2013-02-01,8331.0
2013-01-31,9139.0
2013-01-30,9139.0
2013-01-29,8265.0
2013-01-28,8265.0
2013-01-27,7091.0
2013-01-26,7091.0
2013-01-25,7317.0
2013-01-24,7317.0
2013-01-23,9784.0
2013-01-22,9784.0
2013-01-21,10157.0
2013-01-20,10157.0
2013-01-19,14960.0
2013-01-18,14960.0
2013-01-17,6979.0
2013-01-16,6979.0
2013-01-15,6653.0
2013-01-14,6653.0
2013-01-13,6724.0
2013-01-12,6724.0
2013-01-11,8911.0
2013-01-10,8911.0
2013-01-09,7675.0
2013-01-08,7675.0
2013-01-07,7714.0
2013-01-06,7714.0
2013-01-05,5473.0
2013-01-04,5473.0
2013-01-03,6305.0
2013-01-02,6305.0
2013-01-01,4804.0
2012-12-31,4804.0
2012-12-30,4147.0
2012-12-29,4147.0
2012-12-28,10469.0
2012-12-27,10469.0
2012-12-26,8270.0
2012-12-25,8270.0
2012-12-24,7794.0
2012-12-23,7794.0
2012-12-22,7378.0
2012-12-21,7378.0
2012-12-20,7594.0
2012-12-19,7594.0
2012-12-18,8703.0
2012-12-17,8703.0
2012-12-16,5066.0
2012-12-15,5066.0
2012-12-14,8146.0
2012-12-13,8146.0
2012-12-12,6075.0
2012-12-11,6075.0
2012-12-10,4827.0
2012-12-09,4827.0
2012-12-08,4847.0
2012-12-07,4847.0
2012-12-06,5702.0
2012-12-05,5702.0
2012-12-04,4755.0
2012-12-03,4755.0
2012-12-02,3709.0
2012-12-01,3709.0
2012-11-30,4935.0
2012-11-29,4935.0
2012-11-28,5249.0
2012-11-27,5249.0
2012-11-26,6960.0
2012-11-25,6960.0
2012-11-24,5098.0
2012-11-23,5098.0
2012-11-22,3275.0
2012-11-21,3275.0
2012-11-20,3768.0
2012-11-19,3768.0
2012-11-18,2427.0
2012-11-17,2427.0
2012-11-16,4386.0
2012-11-15,4386.0
2012-11-14,2598.0
2012-11-13,2598.0
2012-11-12,2693.0
2012-11-11,2693.0
2012-11-10,2987.0
2012-11-09,2987.0
2012-11-08,5082.0
2012-11-07,5082.0
2012-11-06,3749.0
2012-11-05,3749.0
2012-11-04,3320.0
2012-11-03,3320.0
2012-11-02,4620.0
2012-11-01,4620.0
2012-10-31,3717.0
2012-10-30,3717.0
2012-10-29,2847.0
2012-10-28,2847.0
2012-10-27,1519.0
2012-10-26,1519.0
2012-10-25,4314.0
2012-10-24,4314.0
2012-10-23,4466.0
2012-10-22,4466.0
2012-10-21,3026.0
2012-10-20,3026.0
2012-10-19,4076.0
2012-10-18,4076.0
2012-10-17,4376.0
2012-10-16,4376.0
2012-10-15,3081.0
2012-10-14,3081.0
2012-10-13,3006.0
2012-10-12,3006.0
2012-10-11,2993.0
2012-10-10,2993.0
2012-10-09,2072.0
2012-10-08,2072.0
2012-10-07,2023.0
2012-10-06,2023.0
2012-10-05,3691.0
2012-10-04,3691.0
2012-10-03,4720.0
2012-10-02,4720.0
2012-10-01,3322.0
2012-09-30,3322.0
2012-09-29,2660.0
2012-09-28,2660.0
2012-09-27,2846.0
2012-09-26,2846.0
2012-09-25,1486.0
2012-09-24,1486.0
2012-09-23,3515.0
2012-09-22,3515.0
2012-09-21,4017.0
2012-09-20,4017.0
2012-09-19,5290.0
2012-09-18,5290.0
2012-09-17,2477.0
2012-09-16,2477.0
2012-09-15,4919.0
2012-09-14,4919.0
2012-09-13,3334.0
2012-09-12,3334.0
2012-09-11,3844.0
2012-09-10,3844.0
2012-09-09,2625.0
2012-09-08,2625.0
2012-09-07,2845.0
2012-09-06,2845.0
2012-09-05,6990.0
2012-09-04,6990.0
2012-09-03,3708.0
2012-09-02,3708.0
2012-09-01,2973.0
2012-08-31,2973.0
2012-08-30,3982.0
2012-08-29,3982.0
2012-08-28,3643.0
2012-08-27,3643.0
2012-08-26,3956.0
2012-08-25,3956.0
2012-08-24,2427.0
2012-08-23,2427.0
2012-08-22,3054.0
2012-08-21,3054.0
2012-08-20,3508.0
2012-08-19,3508.0
2012-08-18,3600.0
2012-08-17,3600.0
2012-08-16,3666.0
2012-08-15,3666.0
2012-08-14,2814.0
2012-08-13,2814.0
2012-08-12,2160.0
2012-08-11,2160.0
2012-08-10,1014.0
2012-08-09,1014.0
2012-08-08,1073.0
2012-08-07,1073.0
2012-08-06,2653.0
2012-08-05,2653.0
2012-08-04,3463.0
2012-08-03,3463.0
2012-08-02,1795.0
2012-08-01,1795.0
2012-07-31,2731.0
2012-07-30,2731.0
2012-07-29,4097.0
2012-07-28,4097.0
2012-07-27,2387.0
2012-07-26,2387.0
2012-07-25,1280.0
2012-07-24,1280.0
2012-07-23,1418.0
2012-07-22,1418.0
2012-07-21,2445.0
2012-07-20,2445.0
2012-07-19,1987.0
2012-07-18,1987.0
2012-07-17,1532.0
2012-07-16,1532.0
2012-07-15,2332.0
2012-07-14,2332.0
2012-07-13,1923.0
2012-07-12,1923.0
2012-07-11,1977.0
2012-07-10,1977.0
2012-07-09,889.0
2012-07-08,889.0
2012-07-07,2008.0
2012-07-06,2008.0
2012-07-05,1095.0
2012-07-04,1095.0
2012-07-03,622.0
2012-07-02,622.0
2012-07-01,525.0
2012-06-30,525.0
2012-06-29,1040.0
2012-06-28,1040.0
2012-06-27,936.0
2012-06-26,936.0
2012-06-25,1214.0
2012-06-24,1214.0
2012-06-23,695.0
2012-06-22,695.0
2012-06-21,476.0
2012-06-20,476.0
2012-06-19,404.0
2012-06-18,404.0
2012-06-17,333.0
2012-06-16,333.0
2012-06-15,643.0
2012-06-14,643.0
2012-06-13,315.0
2012-06-12,315.0
2012-06-11,460.0
2012-06-10,460.0
2012-06-09,615.0
2012-06-08,615.0
2012-06-07,743.0
2012-06-06,743.0
2012-06-05,522.0
2012-06-04,522.0
2012-06-03,704.0
2012-06-02,704.0
2012-06-01,629.0
2012-05-31,629.0
2012-05-30,738.0
2012-05-29,738.0
2012-05-28,589.0
2012-05-27,589.0
2012-05-26,335.0
2012-05-25,335.0
2012-05-24,449.0
2012-05-23,449.0
2012-05-22,545.0
2012-05-21,545.0
2012-05-20,423.0
2012-05-19,423.0
2012-05-18,307.0
2012-05-17,307.0
2012-05-16,245.0
2012-05-15,245.0
2012-05-14,374.0
2012-05-13,374.0
2012-05-12,212.0
2012-05-11,212.0
2012-05-10,277.0
2012-05-09,277.0
2012-05-08,599.0
2012-05-07,599.0
2012-05-06,272.0
2012-05-05,272.0
2012-05-04,486.0
2012-05-03,486.0
2012-05-02,29.0
2012-05-01,29.0
2012-04-30,45.0
2012-04-29,45.0
2012-04-28,222.0
2012-04-27,222.0
2012-04-26,130.0
2012-04-25,130.0
2012-04-24,123.0
2012-04-23,123.0
2012-04-22,109.0
2012-04-21,109.0
2012-04-20,86.0
2012-04-19,86.0
2012-04-18,122.0
2012-04-17,122.0
2012-04-16,50.0
2012-04-15,50.0
2012-04-14,66.0
2012-04-13,66.0
2012-04-12,71.0
2012-04-11,71.0
2012-04-10,78.0
2012-04-09,78.0
2012-04-08,107.0
2012-04-07,107.0
2012-04-06,108.0
2012-04-05,108.0
2012-04-04,83.0
2012-04-03,83.0
2012-04-02,69.0
2012-04-01,69.0
2012-03-31,59.0
2012-03-30,59.0
2012-03-29,55.0
2012-03-28,55.0
2012-03-27,28.0
2012-03-26,28.0
2012-03-25,46.0
2012-03-24,46.0
2012-03-23,47.0
2012-03-22,47.0
2012-03-21,56.0
2012-03-20,56.0
2012-03-19,35.0
2012-03-18,35.0
2012-03-17,44.0
2012-03-16,44.0
2012-03-15,57.0
2012-03-14,57.0
2012-03-13,42.0
2012-03-12,42.0
2012-03-11,41.0
2012-03-10,41.0
2012-03-09,46.0
2012-03-08,46.0
2012-03-07,45.0
2012-03-06,45.0
2012-03-05,28.0
2012-03-04,28.0
2012-03-03,31.0
2012-03-02,31.0
2012-03-01,29.0
2012-02-29,29.0
2012-02-28,23.0
2012-02-27,23.0
2012-02-26,11.0
2012-02-25,11.0
2012-02-24,16.0
2012-02-23,4.0
2012-02-22,0.0
2012-02-21,0.0
2012-02-20,0.0
2012-02-19,0.0
2012-02-18,0.0
2012-02-17,0.0
2012-02-16,0.0
2012-02-15,0.0
2012-02-14,0.0
2012-02-13,43.0
2012-02-12,16.0
2012-02-11,0.0
2012-02-10,0.0
2012-02-09,0.0
2012-02-08,0.0
2012-02-07,0.0
2012-02-06,0.0
2012-02-05,0.0
2012-02-04,0.0
2012-02-03,0.0
2012-02-02,0.0
2012-02-01,0.0
2012-01-31,0.0
2012-01-30,0.0
2012-01-29,0.0
2012-01-28,0.0
2012-01-27,0.0
2012-01-26,0.0
2012-01-25,0.0
2012-01-24,0.0
2012-01-23,0.0
2012-01-22,0.0
2012-01-21,0.0
2012-01-20,0.0
2012-01-19,0.0
2012-01-18,0.0
2012-01-17,0.0
2012-01-16,0.0
2012-01-15,0.0
2012-01-14,0.0
2012-01-13,0.0
2012-01-12,0.0
2012-01-11,0.0
2012-01-10,0.0
2012-01-09,0.0
2012-01-08,0.0
2012-01-07,0.0
2012-01-06,0.0
2012-01-05,0.0
2012-01-04,0.0
2012-01-03,0.0
2012-01-02,0.0
2012-01-01,0.0
2011-12-31,0.0
2011-12-30,0.0
2011-12-29,0.0
2011-12-28,0.0
2011-12-27,0.0
2011-12-26,0.0
2011-12-25,0.0
2011-12-24,0.0
2011-12-23,0.0
2011-12-22,0.0
2011-12-21,0.0
2011-12-20,0.0
2011-12-19,0.0
2011-12-18,0.0
2011-12-17,0.0
2011-12-16,0.0
2011-12-15,0.0
2011-12-14,0.0
2011-12-13,0.0
2011-12-12,0.0
2011-12-11,0.0
2011-12-10,0.0
2011-12-09,0.0
2011-12-08,0.0
2011-12-07,0.0
2011-12-06,0.0
2011-12-05,0.0
2011-12-04,0.0
2011-12-03,0.0
2011-12-02,0.0
2011-12-01,0.0
2011-11-30,0.0
2011-11-29,0.0
2011-11-28,0.0
2011-11-27,0.0
2011-11-26,0.0
2011-11-25,0.0
2011-11-24,0.0
2011-11-23,0.0
2011-11-22,0.0
2011-11-21,0.0
2011-11-20,0.0
2011-11-19,0.0
2011-11-18,0.0
2011-11-17,0.0
2011-11-16,0.0
2011-11-15,0.0
2011-11-14,0.0
2011-11-13,0.0
2011-11-12,0.0
2011-11-11,0.0
2011-11-10,0.0
2011-11-09,0.0
2011-11-08,0.0
2011-11-07,0.0
2011-11-06,0.0
2011-11-05,0.0
2011-11-04,0.0
2011-11-03,0.0
2011-11-02,0.0
2011-11-01,0.0
2011-10-31,0.0
2011-10-30,0.0
2011-10-29,0.0
2011-10-28,0.0
2011-10-27,0.0
2011-10-26,0.0
2011-10-25,0.0
2011-10-24,0.0
2011-10-23,0.0
2011-10-22,0.0
2011-10-21,0.0
2011-10-20,0.0
2011-10-19,0.0
2011-10-18,0.0
2011-10-17,0.0
2011-10-16,0.0
2011-10-15,0.0
2011-10-14,0.0
2011-10-13,0.0
2011-10-12,0.0
2011-10-11,0.0
2011-10-10,0.0
2011-10-09,0.0
2011-10-08,0.0
2011-10-07,0.0
2011-10-06,0.0
2011-10-05,0.0
2011-10-04,0.0
2011-10-03,0.0
2011-10-02,0.0
2011-10-01,0.0
2011-09-30,0.0
2011-09-29,0.0
2011-09-28,0.0
2011-09-27,0.0
2011-09-26,0.0
2011-09-25,0.0
2011-09-24,0.0
2011-09-23,0.0
2011-09-22,0.0
2011-09-21,0.0
2011-09-20,0.0
2011-09-19,0.0
2011-09-18,0.0
2011-09-17,0.0
2011-09-16,0.0
2011-09-15,0.0
2011-09-14,0.0
2011-09-13,0.0
2011-09-12,0.0
2011-09-11,0.0
2011-09-10,0.0
2011-09-09,0.0
2011-09-08,0.0
2011-09-07,0.0
2011-09-06,0.0
2011-09-05,0.0
2011-09-04,0.0
2011-09-03,0.0
2011-09-02,0.0
2011-09-01,0.0
2011-08-31,0.0
2011-08-30,0.0
2011-08-29,0.0
2011-08-28,0.0
2011-08-27,0.0
2011-08-26,0.0
2011-08-25,0.0
2011-08-24,0.0
2011-08-23,0.0
2011-08-22,0.0
2011-08-21,0.0
2011-08-20,0.0
2011-08-19,0.0
2011-08-18,0.0
2011-08-17,0.0
2011-08-16,0.0
2011-08-15,0.0
2011-08-14,0.0
2011-08-13,0.0
2011-08-12,0.0
2011-08-11,0.0
2011-08-10,0.0
2011-08-09,0.0
2011-08-08,0.0
2011-08-07,0.0
2011-08-06,0.0
2011-08-05,0.0
2011-08-04,0.0
2011-08-03,0.0
2011-08-02,0.0
2011-08-01,0.0
2011-07-31,0.0
2011-07-30,0.0
2011-07-29,0.0
2011-07-28,0.0
2011-07-27,0.0
2011-07-26,0.0
2011-07-25,0.0
2011-07-24,0.0
2011-07-23,0.0
2011-07-22,0.0
2011-07-21,0.0
2011-07-20,0.0
2011-07-19,0.0
2011-07-18,0.0
2011-07-17,0.0
2011-07-16,0.0
2011-07-15,0.0
2011-07-14,0.0
2011-07-13,0.0
2011-07-12,0.0
2011-07-11,0.0
2011-07-10,0.0
2011-07-09,0.0
2011-07-08,0.0
2011-07-07,0.0
2011-07-06,0.0
2011-07-05,0.0
2011-07-04,0.0
2011-07-03,0.0
2011-07-02,0.0
2011-07-01,0.0
2011-06-30,0.0
2011-06-29,0.0
2011-06-28,0.0
2011-06-27,0.0
2011-06-26,0.0
2011-06-25,0.0
2011-06-24,0.0
2011-06-23,0.0
2011-06-22,0.0
2011-06-21,0.0
2011-06-20,0.0
2011-06-19,0.0
2011-06-18,0.0
2011-06-17,0.0
2011-06-16,0.0
2011-06-15,0.0
2011-06-14,0.0
2011-06-13,0.0
2011-06-12,0.0
2011-06-11,0.0
2011-06-10,0.0
2011-06-09,0.0
2011-06-08,0.0
2011-06-07,0.0
2011-06-06,0.0
2011-06-05,0.0
2011-06-04,0.0
2011-06-03,0.0
2011-06-02,0.0
2011-06-01,0.0
2011-05-31,0.0
2011-05-30,0.0
2011-05-29,0.0
2011-05-28,0.0
2011-05-27,0.0
2011-05-26,0.0
2011-05-25,0.0
2011-05-24,0.0
2011-05-23,0.0
2011-05-22,0.0
2011-05-21,0.0
2011-05-20,0.0
2011-05-19,0.0
2011-05-18,0.0
2011-05-17,0.0
2011-05-16,0.0
2011-05-15,0.0
2011-05-14,0.0
2011-05-13,0.0
2011-05-12,0.0
2011-05-11,0.0
2011-05-10,0.0
2011-05-09,0.0
2011-05-08,0.0
2011-05-07,0.0
2011-05-06,0.0
2011-05-05,0.0
2011-05-04,0.0
2011-05-03,0.0
2011-05-02,0.0
2011-05-01,0.0
2011-04-30,0.0
2011-04-29,0.0
2011-04-28,0.0
2011-04-27,0.0
2011-04-26,0.0
2011-04-25,0.0
2011-04-24,0.0
2011-04-23,0.0
2011-04-22,0.0
2011-04-21,0.0
2011-04-20,0.0
2011-04-19,0.0
2011-04-18,0.0
2011-04-17,0.0
2011-04-16,0.0
2011-04-15,0.0
2011-04-14,0.0
2011-04-13,0.0
2011-04-12,0.0
2011-04-11,0.0
2011-04-10,0.0
2011-04-09,0.0
2011-04-08,0.0
2011-04-07,0.0
2011-04-06,0.0
2011-04-05,0.0
2011-04-04,0.0
2011-04-03,0.0
2011-04-02,0.0
2011-04-01,0.0
2011-03-31,0.0
2011-03-30,0.0
2011-03-29,0.0
2011-03-28,0.0
2011-03-27,0.0
2011-03-26,0.0
2011-03-25,0.0
2011-03-24,0.0
2011-03-23,0.0
2011-03-22,0.0
2011-03-21,0.0
2011-03-20,0.0
2011-03-19,0.0
2011-03-18,0.0
2011-03-17,0.0
2011-03-16,0.0
2011-03-15,0.0
2011-03-14,0.0
2011-03-13,0.0
2011-03-12,0.0
2011-03-11,0.0
2011-03-10,0.0
2011-03-09,0.0
2011-03-08,0.0
2011-03-07,0.0
2011-03-06,0.0
2011-03-05,0.0
2011-03-04,0.0
2011-03-03,0.0
2011-03-02,0.0
2011-03-01,0.0
2011-02-28,0.0
2011-02-27,0.0
2011-02-26,0.0
2011-02-25,0.0
2011-02-24,0.0
2011-02-23,0.0
2011-02-22,0.0
2011-02-21,0.0
2011-02-20,0.0
2011-02-19,0.0
2011-02-18,0.0
2011-02-17,0.0
2011-02-16,0.0
2011-02-15,0.0
2011-02-14,0.0
2011-02-13,0.0
2011-02-12,0.0
2011-02-11,0.0
2011-02-10,0.0
2011-02-09,0.0
2011-02-08,0.0
2011-02-07,0.0
2011-02-06,0.0
2011-02-05,0.0
2011-02-04,0.0
2011-02-03,0.0
2011-02-02,0.0
2011-02-01,0.0
2011-01-31,0.0
2011-01-30,0.0
2011-01-29,0.0
2011-01-28,0.0
2011-01-27,0.0
2011-01-26,0.0
2011-01-25,0.0
2011-01-24,0.0
2011-01-23,0.0
2011-01-22,0.0
2011-01-21,0.0
2011-01-20,0.0
2011-01-19,0.0
2011-01-18,0.0
2011-01-17,0.0
2011-01-16,0.0
2011-01-15,0.0
2011-01-14,0.0
2011-01-13,0.0
2011-01-12,0.0
2011-01-11,0.0
2011-01-10,0.0
2011-01-09,0.0
2011-01-08,0.0
2011-01-07,0.0
2011-01-06,0.0
2011-01-05,0.0
2011-01-04,0.0
2011-01-03,0.0
2011-01-02,0.0
2011-01-01,0.0
2010-12-31,0.0
2010-12-30,0.0
2010-12-29,0.0
2010-12-28,0.0
2010-12-27,0.0
2010-12-26,0.0
2010-12-25,0.0
2010-12-24,0.0
2010-12-23,0.0
2010-12-22,0.0
2010-12-21,0.0
2010-12-20,0.0
2010-12-19,0.0
2010-12-18,0.0
2010-12-17,0.0
2010-12-16,0.0
2010-12-15,0.0
2010-12-14,0.0
2010-12-13,0.0
2010-12-12,0.0
2010-12-11,0.0
2010-12-10,0.0
2010-12-09,0.0
2010-12-08,0.0
2010-12-07,0.0
2010-12-06,0.0
2010-12-05,0.0
2010-12-04,0.0
2010-12-03,0.0
2010-12-02,0.0
2010-12-01,0.0
2010-11-30,0.0
2010-11-29,0.0
2010-11-28,0.0
2010-11-27,0.0
2010-11-26,0.0
2010-11-25,0.0
2010-11-24,0.0
2010-11-23,0.0
2010-11-22,0.0
2010-11-21,0.0
2010-11-20,0.0
2010-11-19,0.0
2010-11-18,0.0
2010-11-17,0.0
2010-11-16,0.0
2010-11-15,0.0
2010-11-14,0.0
2010-11-13,0.0
2010-11-12,0.0
2010-11-11,0.0
2010-11-10,0.0
2010-11-09,0.0
2010-11-08,0.0
2010-11-07,0.0
2010-11-06,0.0
2010-11-05,0.0
2010-11-04,0.0
2010-11-03,0.0
2010-11-02,0.0
2010-11-01,0.0
2010-10-31,0.0
2010-10-30,0.0
2010-10-29,0.0
2010-10-28,0.0
2010-10-27,0.0
2010-10-26,0.0
2010-10-25,0.0
2010-10-24,0.0
2010-10-23,0.0
2010-10-22,0.0
2010-10-21,0.0
2010-10-20,0.0
2010-10-19,0.0
2010-10-18,0.0
2010-10-17,0.0
2010-10-16,0.0
2010-10-15,0.0
2010-10-14,0.0
2010-10-13,0.0
2010-10-12,0.0
2010-10-11,0.0
2010-10-10,0.0
2010-10-09,0.0
2010-10-08,0.0
2010-10-07,0.0
2010-10-06,0.0
2010-10-05,0.0
2010-10-04,0.0
2010-10-03,0.0
2010-10-02,0.0
2010-10-01,0.0
2010-09-30,0.0
2010-09-29,0.0
2010-09-28,0.0
2010-09-27,0.0
2010-09-26,0.0
2010-09-25,0.0
2010-09-24,0.0
2010-09-23,0.0
2010-09-22,0.0
2010-09-21,0.0
2010-09-20,0.0
2010-09-19,0.0
2010-09-18,0.0
2010-09-17,0.0
2010-09-16,0.0
2010-09-15,0.0
2010-09-14,0.0
2010-09-13,0.0
2010-09-12,0.0
2010-09-11,0.0
2010-09-10,0.0
2010-09-09,0.0
2010-09-08,0.0
2010-09-07,0.0
2010-09-06,0.0
2010-09-05,0.0
2010-09-04,0.0
2010-09-03,0.0
2010-09-02,0.0
2010-09-01,0.0
2010-08-31,0.0
2010-08-30,0.0
2010-08-29,0.0
2010-08-28,0.0
2010-08-27,0.0
2010-08-26,0.0
2010-08-25,0.0
2010-08-24,0.0
2010-08-23,0.0
2010-08-22,0.0
2010-08-21,0.0
2010-08-20,0.0
2010-08-19,0.0
2010-08-18,0.0
2010-08-17,0.0
2010-08-16,0.0
2010-08-15,0.0
2010-08-14,0.0
2010-08-13,0.0
2010-08-12,0.0
2010-08-11,0.0
2010-08-10,0.0
2010-08-09,0.0
2010-08-08,0.0
2010-08-07,0.0
2010-08-06,0.0
2010-08-05,0.0
2010-08-04,0.0
2010-08-03,0.0
2010-08-02,0.0
2010-08-01,0.0
2010-07-31,0.0
2010-07-30,0.0
2010-07-29,0.0
2010-07-28,0.0
2010-07-27,0.0
2010-07-26,0.0
2010-07-25,0.0
2010-07-24,0.0
2010-07-23,0.0
2010-07-22,0.0
2010-07-21,0.0
2010-07-20,0.0
2010-07-19,0.0
2010-07-18,0.0
2010-07-17,0.0
2010-07-16,0.0
2010-07-15,0.0
2010-07-14,0.0
2010-07-13,0.0
2010-07-12,0.0
2010-07-11,0.0
2010-07-10,0.0
2010-07-09,0.0
2010-07-08,0.0
2010-07-07,0.0
2010-07-06,0.0
2010-07-05,0.0
2010-07-04,0.0
2010-07-03,0.0
2010-07-02,0.0
2010-07-01,0.0
2010-06-30,0.0
2010-06-29,0.0
2010-06-28,0.0
2010-06-27,0.0
2010-06-26,0.0
2010-06-25,0.0
2010-06-24,0.0
2010-06-23,0.0
2010-06-22,0.0
2010-06-21,0.0
2010-06-20,0.0
2010-06-19,0.0
2010-06-18,0.0
2010-06-17,0.0
2010-06-16,0.0
2010-06-15,0.0
2010-06-14,0.0
2010-06-13,0.0
2010-06-12,0.0
2010-06-11,0.0
2010-06-10,0.0
2010-06-09,0.0
2010-06-08,0.0
2010-06-07,0.0
2010-06-06,0.0
2010-06-05,0.0
2010-06-04,0.0
2010-06-03,0.0
2010-06-02,0.0
2010-06-01,0.0
2010-05-31,0.0
2010-05-30,0.0
2010-05-29,0.0
2010-05-28,0.0
2010-05-27,0.0
2010-05-26,0.0
2010-05-25,0.0
2010-05-24,0.0
2010-05-23,0.0
2010-05-22,0.0
2010-05-21,0.0
2010-05-20,0.0
2010-05-19,0.0
2010-05-18,0.0
2010-05-17,0.0
2010-05-16,0.0
2010-05-15,0.0
2010-05-14,0.0
2010-05-13,0.0
2010-05-12,0.0
2010-05-11,0.0
2010-05-10,0.0
2010-05-09,0.0
2010-05-08,0.0
2010-05-07,0.0
2010-05-06,0.0
2010-05-05,0.0
2010-05-04,0.0
2010-05-03,0.0
2010-05-02,0.0
2010-05-01,0.0
2010-04-30,0.0
2010-04-29,0.0
2010-04-28,0.0
2010-04-27,0.0
2010-04-26,0.0
2010-04-25,0.0
2010-04-24,0.0
2010-04-23,0.0
2010-04-22,0.0
2010-04-21,0.0
2010-04-20,0.0
2010-04-19,0.0
2010-04-18,0.0
2010-04-17,0.0
2010-04-16,0.0
2010-04-15,0.0
2010-04-14,0.0
2010-04-13,0.0
2010-04-12,0.0
2010-04-11,0.0
2010-04-10,0.0
2010-04-09,0.0
2010-04-08,0.0
2010-04-07,0.0
2010-04-06,0.0
2010-04-05,0.0
2010-04-04,0.0
2010-04-03,0.0
2010-04-02,0.0
2010-04-01,0.0
2010-03-31,0.0
2010-03-30,0.0
2010-03-29,0.0
2010-03-28,0.0
2010-03-27,0.0
2010-03-26,0.0
2010-03-25,0.0
2010-03-24,0.0
2010-03-23,0.0
2010-03-22,0.0
2010-03-21,0.0
2010-03-20,0.0
2010-03-19,0.0
2010-03-18,0.0
2010-03-17,0.0
2010-03-16,0.0
2010-03-15,0.0
2010-03-14,0.0
2010-03-13,0.0
2010-03-12,0.0
2010-03-11,0.0
2010-03-10,0.0
2010-03-09,0.0
2010-03-08,0.0
2010-03-07,0.0
2010-03-06,0.0
2010-03-05,0.0
2010-03-04,0.0
2010-03-03,0.0
2010-03-02,0.0
2010-03-01,0.0
2010-02-28,0.0
2010-02-27,0.0
2010-02-26,0.0
2010-02-25,0.0
2010-02-24,0.0
2010-02-23,0.0
2010-02-22,0.0
2010-02-21,0.0
2010-02-20,0.0
2010-02-19,0.0
2010-02-18,0.0
2010-02-17,0.0
2010-02-16,0.0
2010-02-15,0.0
2010-02-14,0.0
2010-02-13,0.0
2010-02-12,0.0
2010-02-11,0.0
2010-02-10,0.0
2010-02-09,0.0
2010-02-08,0.0
2010-02-07,0.0
2010-02-06,0.0
2010-02-05,0.0
2010-02-04,0.0
2010-02-03,0.0
2010-02-02,0.0
2010-02-01,0.0
2010-01-31,0.0
2010-01-30,0.0
2010-01-29,0.0
2010-01-28,0.0
2010-01-27,0.0
2010-01-26,0.0
2010-01-25,0.0
2010-01-24,0.0
2010-01-23,0.0
2010-01-22,0.0
2010-01-21,0.0
2010-01-20,0.0
2010-01-19,0.0
2010-01-18,0.0
2010-01-17,0.0
2010-01-16,0.0
2010-01-15,0.0
2010-01-14,0.0
2010-01-13,0.0
2010-01-12,0.0
2010-01-11,0.0
2010-01-10,0.0
2010-01-09,0.0
2010-01-08,0.0
2010-01-07,0.0
2010-01-06,0.0
2010-01-05,0.0
2010-01-04,0.0
2010-01-03,0.0
2010-01-02,0.0
2010-01-01,0.0
2009-12-31,0.0
2009-12-30,0.0
2009-12-29,0.0
2009-12-28,0.0
2009-12-27,0.0
2009-12-26,0.0
2009-12-25,0.0
2009-12-24,0.0
2009-12-23,0.0
2009-12-22,0.0
2009-12-21,0.0
2009-12-20,0.0
2009-12-19,0.0
2009-12-18,0.0
2009-12-17,0.0
2009-12-16,0.0
2009-12-15,0.0
2009-12-14,0.0
2009-12-13,0.0
2009-12-12,0.0
2009-12-11,0.0
2009-12-10,0.0
2009-12-09,0.0
2009-12-08,0.0
2009-12-07,0.0
2009-12-06,0.0
2009-12-05,0.0
2009-12-04,0.0
2009-12-03,0.0
2009-12-02,0.0
2009-12-01,0.0
2009-11-30,0.0
2009-11-29,0.0
2009-11-28,0.0
2009-11-27,0.0
2009-11-26,0.0
2009-11-25,0.0
2009-11-24,0.0
2009-11-23,0.0
2009-11-22,0.0
2009-11-21,0.0
2009-11-20,0.0
2009-11-19,0.0
2009-11-18,0.0
2009-11-17,0.0
2009-11-16,0.0
2009-11-15,0.0
2009-11-14,0.0
2009-11-13,0.0
2009-11-12,0.0
2009-11-11,0.0
2009-11-10,0.0
2009-11-09,0.0
2009-11-08,0.0
2009-11-07,0.0
2009-11-06,0.0
2009-11-05,0.0
2009-11-04,0.0
2009-11-03,0.0
2009-11-02,0.0
2009-11-01,0.0
2009-10-31,0.0
2009-10-30,0.0
2009-10-29,0.0
2009-10-28,0.0
2009-10-27,0.0
2009-10-26,0.0
2009-10-25,0.0
2009-10-24,0.0
2009-10-23,0.0
2009-10-22,0.0
2009-10-21,0.0
2009-10-20,0.0
2009-10-19,0.0
2009-10-18,0.0
2009-10-17,0.0
2009-10-16,0.0
2009-10-15,0.0
2009-10-14,0.0
2009-10-13,0.0
2009-10-12,0.0
2009-10-11,0.0
2009-10-10,0.0
2009-10-09,0.0
2009-10-08,0.0
2009-10-07,0.0
2009-10-06,0.0
2009-10-05,0.0
2009-10-04,0.0
2009-10-03,0.0
2009-10-02,0.0
2009-10-01,0.0
2009-09-30,0.0
2009-09-29,0.0
2009-09-28,0.0
2009-09-27,0.0
2009-09-26,0.0
2009-09-25,0.0
2009-09-24,0.0
2009-09-23,0.0
2009-09-22,0.0
2009-09-21,0.0
2009-09-20,0.0
2009-09-19,0.0
2009-09-18,0.0
2009-09-17,0.0
2009-09-16,0.0
2009-09-15,0.0
2009-09-14,0.0
2009-09-13,0.0
2009-09-12,0.0
2009-09-11,0.0
2009-09-10,0.0
2009-09-09,0.0
2009-09-08,0.0
2009-09-07,0.0
2009-09-06,0.0
2009-09-05,0.0
2009-09-04,0.0
2009-09-03,0.0
2009-09-02,0.0
2009-09-01,0.0
2009-08-31,0.0
2009-08-30,0.0
2009-08-29,0.0
2009-08-28,0.0
2009-08-27,0.0
2009-08-26,0.0
2009-08-25,0.0
2009-08-24,0.0
2009-08-23,0.0
2009-08-22,0.0
2009-08-21,0.0
2009-08-20,0.0
2009-08-19,0.0
2009-08-18,0.0
2009-08-17,0.0
2009-08-16,0.0
2009-08-15,0.0
2009-08-14,0.0
2009-08-13,0.0
2009-08-12,0.0
2009-08-11,0.0
2009-08-10,0.0
2009-08-09,0.0
2009-08-08,0.0
2009-08-07,0.0
2009-08-06,0.0
2009-08-05,0.0
2009-08-04,0.0
2009-08-03,0.0
2009-08-02,0.0
2009-08-01,0.0
2009-07-31,0.0
2009-07-30,0.0
2009-07-29,0.0
2009-07-28,0.0
2009-07-27,0.0
2009-07-26,0.0
2009-07-25,0.0
2009-07-24,0.0
2009-07-23,0.0
2009-07-22,0.0
2009-07-21,0.0
2009-07-20,0.0
2009-07-19,0.0
2009-07-18,0.0
2009-07-17,0.0
2009-07-16,0.0
2009-07-15,0.0
2009-07-14,0.0
2009-07-13,0.0
2009-07-12,0.0
2009-07-11,0.0
2009-07-10,0.0
2009-07-09,0.0
2009-07-08,0.0
2009-07-07,0.0
2009-07-06,0.0
2009-07-05,0.0
2009-07-04,0.0
2009-07-03,0.0
2009-07-02,0.0
2009-07-01,0.0
2009-06-30,0.0
2009-06-29,0.0
2009-06-28,0.0
2009-06-27,0.0
2009-06-26,0.0
2009-06-25,0.0
2009-06-24,0.0
2009-06-23,0.0
2009-06-22,0.0
2009-06-21,0.0
2009-06-20,0.0
2009-06-19,0.0
2009-06-18,0.0
2009-06-17,0.0
2009-06-16,0.0
2009-06-15,0.0
2009-06-14,0.0
2009-06-13,0.0
2009-06-12,0.0
2009-06-11,0.0
2009-06-10,0.0
2009-06-09,0.0
2009-06-08,0.0
2009-06-07,0.0
2009-06-06,0.0
2009-06-05,0.0
2009-06-04,0.0
2009-06-03,0.0
2009-06-02,0.0
2009-06-01,0.0
2009-05-31,0.0
2009-05-30,0.0
2009-05-29,0.0
2009-05-28,0.0
2009-05-27,0.0
2009-05-26,0.0
2009-05-25,0.0
2009-05-24,0.0
2009-05-23,0.0
2009-05-22,0.0
2009-05-21,0.0
2009-05-20,0.0
2009-05-19,0.0
2009-05-18,0.0
2009-05-17,0.0
2009-05-16,0.0
2009-05-15,0.0
2009-05-14,0.0
2009-05-13,0.0
2009-05-12,0.0
2009-05-11,0.0
2009-05-10,0.0
2009-05-09,0.0
2009-05-08,0.0
2009-05-07,0.0
2009-05-06,0.0
2009-05-05,0.0
2009-05-04,0.0
2009-05-03,0.0
2009-05-02,0.0
2009-05-01,0.0
2009-04-30,0.0
2009-04-29,0.0
2009-04-28,0.0
2009-04-27,0.0
2009-04-26,0.0
2009-04-25,0.0
2009-04-24,0.0
2009-04-23,0.0
2009-04-22,0.0
2009-04-21,0.0
2009-04-20,0.0
2009-04-19,0.0
2009-04-18,0.0
2009-04-17,0.0
2009-04-16,0.0
2009-04-15,0.0
2009-04-14,0.0
2009-04-13,0.0
2009-04-12,0.0
2009-04-11,0.0
2009-04-10,0.0
2009-04-09,0.0
2009-04-08,0.0
2009-04-07,0.0
2009-04-06,0.0
2009-04-05,0.0
2009-04-04,0.0
2009-04-03,0.0
2009-04-02,0.0
2009-04-01,0.0
2009-03-31,0.0
2009-03-30,0.0
2009-03-29,0.0
2009-03-28,0.0
2009-03-27,0.0
2009-03-26,0.0
2009-03-25,0.0
2009-03-24,0.0
2009-03-23,0.0
2009-03-22,0.0
2009-03-21,0.0
2009-03-20,0.0
2009-03-19,0.0
2009-03-18,0.0
2009-03-17,0.0
2009-03-16,0.0
2009-03-15,0.0
2009-03-14,0.0
2009-03-13,0.0
2009-03-12,0.0
2009-03-11,0.0
2009-03-10,0.0
2009-03-09,0.0
2009-03-08,0.0
2009-03-07,0.0
2009-03-06,0.0
2009-03-05,0.0
2009-03-04,0.0
2009-03-03,0.0
2009-03-02,0.0
2009-03-01,0.0
2009-02-28,0.0
2009-02-27,0.0
2009-02-26,0.0
2009-02-25,0.0
2009-02-24,0.0
2009-02-23,0.0
2009-02-22,0.0
2009-02-21,0.0
2009-02-20,0.0
2009-02-19,0.0
2009-02-18,0.0
2009-02-17,0.0
2009-02-16,0.0
2009-02-15,0.0
2009-02-14,0.0
2009-02-13,0.0
2009-02-12,0.0
2009-02-11,0.0
2009-02-10,0.0
2009-02-09,0.0
2009-02-08,0.0
2009-02-07,0.0
2009-02-06,0.0
2009-02-05,0.0
2009-02-04,0.0
2009-02-03,0.0
2009-02-02,0.0
2009-02-01,0.0
2009-01-31,0.0
2009-01-30,0.0
2009-01-29,0.0
2009-01-28,0.0
2009-01-27,0.0
2009-01-26,0.0
2009-01-25,0.0
2009-01-24,0.0
2009-01-23,0.0
2009-01-22,0.0
2009-01-21,0.0
2009-01-20,0.0
2009-01-19,0.0
2009-01-18,0.0
2009-01-17,0.0
2009-01-16,0.0
2009-01-15,0.0
2009-01-14,0.0
2009-01-13,0.0
2009-01-12,0.0
2009-01-11,0.0
2009-01-10,0.0
2009-01-09,0.0
2009-01-08,0.0
2009-01-07,0.0
2009-01-06,0.0
2009-01-05,0.0
2009-01-04,0.0
2009-01-03,0.0
2009-01-02,0.0
